{
"type": "FeatureCollection",
"name": "warud_competitors",
"crs": { "type": "name", "properties": { "name": "urn:ogc:def:crs:OGC:1.3:CRS84" } },
"features": [
{ "type": "Feature", "properties": { "id": "62ff2063-969d-4c2c-80e8-d9347a157d0c", "names": "{'primary': 'Warud Orange City railway station', 'common': None, 'rules': None}", "basic_category": "train_station", "taxonomy": "{'primary': 'train_station', 'hierarchy': ['travel_and_transportation', 'ground_transport_facility_or_service', 'rail_facility_or_service', 'train_station'], 'alternates': None}", "confidence": 0.80523991584777832, "addresses": "[{'freeform': None, 'locality': 'Warud', 'postcode': None, 'region': 'MH', 'country': 'IN'}]", "phones": null, "websites": null, "business_name": "Warud Orange City railway station", "category": "train_station", "lat": 21.458721, "lon": 78.276164, "business_group": "transport", "taxonomy_primary": "train_station", "is_competitor": true }, "geometry": { "type": "Point", "coordinates": [ 78.276164, 21.458721 ] } },
{ "type": "Feature", "properties": { "id": "6b5cb467-e79f-49a0-b66e-c45c72daee8c", "names": "{'primary': 'Sai Mandir', 'common': None, 'rules': None}", "basic_category": "hindu_place_of_worship", "taxonomy": "{'primary': 'hindu_place_of_worship', 'hierarchy': ['cultural_and_historic', 'place_of_worship', 'hindu_place_of_worship'], 'alternates': None}", "confidence": 0.56184661388397217, "addresses": "[{'freeform': None, 'locality': 'Warud', 'postcode': None, 'region': 'MH', 'country': 'IN'}]", "phones": null, "websites": null, "business_name": "Sai Mandir", "category": "hindu_place_of_worship", "lat": 21.466389, "lon": 78.281386, "business_group": "religious", "taxonomy_primary": "hindu_place_of_worship", "is_competitor": true }, "geometry": { "type": "Point", "coordinates": [ 78.281386, 21.466389 ] } },
{ "type": "Feature", "properties": { "id": "6ff16c9a-35b7-4a0f-b4e2-47901d117362", "names": "{'primary': 'Late Shri Marutrao Kherade Sabhagruh and Lawn', 'common': None, 'rules': None}", "basic_category": "event_or_party_service", "taxonomy": "{'primary': 'party_and_event_planning', 'hierarchy': ['services_and_business', 'event_or_party_service', 'party_and_event_planning'], 'alternates': None}", "confidence": 0.68264091014862061, "addresses": [ { "freeform": "Amravati, Sh-248, Nagpur Warud Road", "locality": "Warud", "postcode": "444906", "region": "MH", "country": "IN" } ], "phones": [ "+919156177600" ], "websites": null, "business_name": "Late Shri Marutrao Kherade Sabhagruh and Lawn", "category": "party_and_event_planning", "lat": 21.46604201, "lon": 78.27564631, "business_group": "services", "taxonomy_primary": "party_and_event_planning", "is_competitor": true }, "geometry": { "type": "Point", "coordinates": [ 78.27564631, 21.46604201 ] } },
{ "type": "Feature", "properties": { "id": "49f8e63d-bdb3-4d93-adae-64b467c14402", "names": "{'primary': 'House Of Cafe', 'common': None, 'rules': None}", "basic_category": "cafe", "taxonomy": "{'primary': 'cafe', 'hierarchy': ['food_and_drink', 'casual_eatery', 'cafe'], 'alternates': None}", "confidence": 0.81191200017929077, "addresses": [ { "freeform": "41 pitreshwar colony near garba ground shirpur", "locality": "Shirpur", "postcode": "425405", "region": "MH", "country": "IN" } ], "phones": [ "+917020318554" ], "websites": null, "business_name": "House Of Cafe", "category": "cafe", "lat": 21.46474, "lon": 78.27242, "business_group": "food_and_grocery", "taxonomy_primary": "cafe", "is_competitor": true }, "geometry": { "type": "Point", "coordinates": [ 78.27242, 21.46474 ] } },
{ "type": "Feature", "properties": { "id": "01eca5cf-8405-438a-9666-348409c21366", "names": "{'primary': 'श्री संत शंकर महाराज कृषी महाविद्यालय,पिंपळखूटा', 'common': None, 'rules': None}", "basic_category": "place_of_learning", "taxonomy": "{'primary': 'school', 'hierarchy': ['education', 'place_of_learning', 'school'], 'alternates': None}", "confidence": 0.73573142290115356, "addresses": [ { "freeform": "AT POST PIMPALKHUTA", "locality": "Dhamangaon Railway", "postcode": "444709", "region": "MH", "country": "IN" } ], "phones": [ "+919766949111" ], "websites": [ "http://www.sssmcollegeofagri.in/" ], "business_name": "श्री संत शंकर महाराज कृषी महाविद्यालय,पिंपळखूटा", "category": "school", "lat": 21.46474, "lon": 78.27242, "business_group": "education", "taxonomy_primary": "school", "is_competitor": true }, "geometry": { "type": "Point", "coordinates": [ 78.27242, 21.46474 ] } },
{ "type": "Feature", "properties": { "id": "32c6dfe7-3fe7-48db-87ef-dff2717ef32e", "names": "{'primary': 'Honey_Bunny cafe warud', 'common': None, 'rules': None}", "basic_category": "restaurant", "taxonomy": "{'primary': 'restaurant', 'hierarchy': ['food_and_drink', 'restaurant'], 'alternates': None}", "confidence": 0.7267652153968811, "addresses": [ { "freeform": "nagpur road indira chowk warud", "locality": "Warud", "postcode": "444906", "region": "MH", "country": "IN" } ], "phones": [ "+917030406091" ], "websites": [ "https://honeybunnycafeandrestaurant.inmyarea.in/" ], "business_name": "Honey_Bunny cafe warud", "category": "restaurant", "lat": 21.465492906207999, "lon": 78.27197, "business_group": "food_and_grocery", "taxonomy_primary": "restaurant", "is_competitor": true }, "geometry": { "type": "Point", "coordinates": [ 78.27197, 21.465492906207999 ] } },
{ "type": "Feature", "properties": { "id": "67440ca2-767d-497d-ba0b-3a28b49997cd", "names": "{'primary': 'Rituraj Mobile Shop', 'common': None, 'rules': None}", "basic_category": "b2b_office_and_professional_service", "taxonomy": "{'primary': 'b2b_advertising_and_marketing_service', 'hierarchy': ['services_and_business', 'b2b_service', 'b2b_office_and_professional_service', 'b2b_advertising_and_marketing_service'], 'alternates': None}", "confidence": 0.54718637466430664, "addresses": [ { "freeform": "gangaram market near union bank ", "locality": "Warud", "postcode": "444906", "region": "MH", "country": "IN" } ], "phones": [ "+919595899969" ], "websites": null, "business_name": "Rituraj Mobile Shop", "category": "b2b_advertising_and_marketing_service", "lat": 21.4662, "lon": 78.2714, "business_group": "services", "taxonomy_primary": "b2b_advertising_and_marketing_service", "is_competitor": true }, "geometry": { "type": "Point", "coordinates": [ 78.2714, 21.4662 ] } },
{ "type": "Feature", "properties": { "id": "97def932-8cb2-49c8-acd2-6e4eafc0699d", "names": "{'primary': 'Genericart Medicine Store', 'common': None, 'rules': None}", "basic_category": "pharmacy_and_drug_store", "taxonomy": "{'primary': 'pharmacy', 'hierarchy': ['shopping', 'specialty_store', 'pharmacy_and_drug_store', 'pharmacy'], 'alternates': None}", "confidence": 0.77, "addresses": [ { "freeform": "Shop No 1,Ward No 22", "locality": "Amravati", "postcode": "444906", "region": "Maharashtra", "country": "IN" } ], "phones": [ "098234 00188" ], "websites": [ "https://franchise.genericartmedicine.com/genericart-medicine-store-janseva-warud-swast-aushadhi-pharmacy-sawata-chowk-amravati-312447/Home" ], "business_name": "Genericart Medicine Store", "category": "pharmacy", "lat": 21.4662383, "lon": 78.2711268, "business_group": "healthcare", "taxonomy_primary": "pharmacy", "is_competitor": true }, "geometry": { "type": "Point", "coordinates": [ 78.2711268, 21.4662383 ] } },
{ "type": "Feature", "properties": { "id": "945b04be-ff9a-4de5-bbae-1ddd88d747b9", "names": "{'primary': 'Tata Motors Cars Showroom - Jaika Motors, Warud', 'common': None, 'rules': None}", "basic_category": "automotive_service", "taxonomy": "{'primary': 'automotive_service', 'hierarchy': ['travel_and_transportation', 'vehicle_service', 'automotive_service'], 'alternates': None}", "confidence": 0.85, "addresses": [ { "freeform": "Indira Chowk, Rajura Road, Warud", "locality": "Amravati", "postcode": "444906", "region": "Maharashtra", "country": "IN" } ], "phones": [ "08291599685" ], "websites": [ "https://dealer-locator.cars.tatamotors.com/tata-motors-cars-showroom-jaika-motors-warud-car-dealer-warud-amravati-147780/Home?utm_source=locator&utm_medium=bing" ], "business_name": "Tata Motors Cars Showroom - Jaika Motors, Warud", "category": "automotive_service", "lat": 21.464375, "lon": 78.272377, "business_group": "automotive", "taxonomy_primary": "automotive_service", "is_competitor": true }, "geometry": { "type": "Point", "coordinates": [ 78.272377, 21.464375 ] } },
{ "type": "Feature", "properties": { "id": "3cc36c22-6663-40da-861a-426404a1695a", "names": "{'primary': 'Saishri Kirana And  General,WARUD', 'common': None, 'rules': None}", "basic_category": "food_and_beverage_store", "taxonomy": "{'primary': 'grocery_store', 'hierarchy': ['shopping', 'food_and_beverage_store', 'grocery_store'], 'alternates': None}", "confidence": 0.54106277227401733, "addresses": [ { "freeform": "pardi road\\n", "locality": "Warud", "postcode": "444906", "region": "MH", "country": "IN" } ], "phones": [ "+919561247590" ], "websites": null, "business_name": "Saishri Kirana And  General,WARUD", "category": "grocery_store", "lat": 21.4588, "lon": 78.27579, "business_group": "food_and_grocery", "taxonomy_primary": "grocery_store", "is_competitor": true }, "geometry": { "type": "Point", "coordinates": [ 78.27579, 21.4588 ] } },
{ "type": "Feature", "properties": { "id": "54af6a47-c579-4edd-b067-ec8fa19b2bdb", "names": "{'primary': 'Warud Orange City Railway Station', 'common': None, 'rules': None}", "basic_category": "train_station", "taxonomy": "{'primary': 'train_station', 'hierarchy': ['travel_and_transportation', 'ground_transport_facility_or_service', 'rail_facility_or_service', 'train_station'], 'alternates': None}", "confidence": 0.65681874752044678, "addresses": "[{'freeform': None, 'locality': 'Warud', 'postcode': None, 'region': 'MH', 'country': 'IN'}]", "phones": null, "websites": null, "business_name": "Warud Orange City Railway Station", "category": "train_station", "lat": 21.45825, "lon": 78.26832, "business_group": "transport", "taxonomy_primary": "train_station", "is_competitor": true }, "geometry": { "type": "Point", "coordinates": [ 78.26832, 21.45825 ] } },
{ "type": "Feature", "properties": { "id": "e51b8334-55a5-444a-81a4-f970bf6efb6f", "names": "{'primary': 'Rural Hospital', 'common': None, 'rules': None}", "basic_category": "hospital", "taxonomy": "{'primary': 'hospital', 'hierarchy': ['health_care', 'hospital'], 'alternates': None}", "confidence": 0.71143221855163574, "addresses": "[{'freeform': None, 'locality': 'Warud', 'postcode': None, 'region': 'MH', 'country': 'IN'}]", "phones": null, "websites": null, "business_name": "Rural Hospital", "category": "hospital", "lat": 21.466666666666999, "lon": 78.266666666667007, "business_group": "healthcare", "taxonomy_primary": "hospital", "is_competitor": true }, "geometry": { "type": "Point", "coordinates": [ 78.266666666667007, 21.466666666666999 ] } },
{ "type": "Feature", "properties": { "id": "69e66e81-7a29-4fab-a128-f6a58af63f5c", "names": "{'primary': 'TRENDS', 'common': None, 'rules': None}", "basic_category": "fashion_and_apparel_store", "taxonomy": "{'primary': 'clothing_store', 'hierarchy': ['shopping', 'fashion_and_apparel_store', 'clothing_store'], 'alternates': None}", "confidence": 0.85, "addresses": [ { "freeform": "Shri Krishana Plaza Reliance Trends, Pandhurna Road, West District Amravati, Near Pandhurna Chock Warud, Amravati Bhawani Mandi", "locality": "Warud", "postcode": "444906", "region": "Maharashtra", "country": "IN" } ], "phones": [ "08180810955" ], "websites": [ "https://reliancetrends.com/page/trends-pandhurna-road-warud" ], "business_name": "TRENDS", "category": "clothing_store", "lat": 21.4712098, "lon": 78.2647004, "business_group": "retail", "taxonomy_primary": "clothing_store", "is_competitor": true }, "geometry": { "type": "Point", "coordinates": [ 78.2647004, 21.4712098 ] } },
{ "type": "Feature", "properties": { "id": "de6868e4-5378-41bd-8cb3-990ac4caec23", "names": "{'primary': 'Genericart Medicine Store', 'common': None, 'rules': None}", "basic_category": "pharmacy_and_drug_store", "taxonomy": "{'primary': 'pharmacy', 'hierarchy': ['shopping', 'specialty_store', 'pharmacy_and_drug_store', 'pharmacy'], 'alternates': None}", "confidence": 0.77, "addresses": [ { "freeform": "Shop No 4, Plot No 1257, Property No 48,WN 5, Sheet No 12, Gujari Bajar", "locality": "Amravati", "postcode": "444908", "region": "Maharashtra", "country": "IN" } ], "phones": [ "098232 14862" ], "websites": [ "https://franchise.genericartmedicine.com/genericart-medicine-store-sairam-swasth-aushadhi-seva-generic-medicine-stores-pharmacy-jarud-amravati-312756/Home" ], "business_name": "Genericart Medicine Store", "category": "pharmacy", "lat": 21.47120994, "lon": 78.26470055, "business_group": "healthcare", "taxonomy_primary": "pharmacy", "is_competitor": true }, "geometry": { "type": "Point", "coordinates": [ 78.26470055, 21.47120994 ] } },
{ "type": "Feature", "properties": { "id": "01710316-0693-4879-8ba6-5e4edb8fe9e0", "names": "{'primary': 'Shradha Auto Services - Hero MotoCorp', 'common': None, 'rules': None}", "basic_category": "shopping", "taxonomy": "{'primary': 'shopping', 'hierarchy': ['shopping'], 'alternates': None}", "confidence": 0.9655, "addresses": [ { "freeform": "Ward No 1, Arushshadha Shunkal Complex, Bus Stand", "locality": "Warud", "postcode": "444906", "region": "Maharashtra", "country": "IN" } ], "phones": [ "09667214723" ], "websites": [ "https://dealers.heromotocorp.com/shradha-auto-services-hero-motocorp-two-wheeler-dealer-bus-stand-amravati-32285/Home?utm_source=locator&utm_medium=bing" ], "business_name": "Shradha Auto Services - Hero MotoCorp", "category": "shopping", "lat": 21.47121, "lon": 78.2647, "business_group": "retail", "taxonomy_primary": "shopping", "is_competitor": true }, "geometry": { "type": "Point", "coordinates": [ 78.2647, 21.47121 ] } },
{ "type": "Feature", "properties": { "id": "09c3773a-71d1-4728-9fc3-5bc557bef6d4", "names": "{'primary': 'Bajaj Finance Branch', 'common': None, 'rules': None}", "basic_category": "bank_or_credit_union", "taxonomy": "{'primary': 'credit_union', 'hierarchy': ['services_and_business', 'financial_service', 'bank_or_credit_union', 'credit_union'], 'alternates': None}", "confidence": 0.85, "addresses": [ { "freeform": "Ground Floor, Ganokar Complex, Indira Chowk", "locality": "Amravati", "postcode": "444906", "region": "Maharashtra", "country": "IN" } ], "phones": [ "02241804799" ], "websites": [ "https://nearme.bajajfinserv.in/service-branch/bajaj-finance-branch-financial-institutions-indira-chowk-amravati-177617/Home?utm_source=locator&utm_medium=bing" ], "business_name": "Bajaj Finance Branch", "category": "credit_union", "lat": 21.4712098, "lon": 78.2647004, "business_group": "finance", "taxonomy_primary": "credit_union", "is_competitor": true }, "geometry": { "type": "Point", "coordinates": [ 78.2647004, 21.4712098 ] } },
{ "type": "Feature", "properties": { "id": "aabfc104-219f-496d-ac48-e05e8e05a435", "names": "{'primary': 'Jain Cold Drinks and Sweets', 'common': None, 'rules': None}", "basic_category": "casual_eatery", "taxonomy": "{'primary': 'dessert_shop', 'hierarchy': ['food_and_drink', 'casual_eatery', 'dessert_shop'], 'alternates': None}", "confidence": 0.56838178634643555, "addresses": [ { "freeform": "Gandhi", "locality": "Warud", "postcode": "444906", "region": "MH", "country": "IN" } ], "phones": null, "websites": null, "business_name": "Jain Cold Drinks and Sweets", "category": "dessert_shop", "lat": 21.47243629, "lon": 78.26856598000001, "business_group": "retail", "taxonomy_primary": "dessert_shop", "is_competitor": true }, "geometry": { "type": "Point", "coordinates": [ 78.26856598, 21.47243629 ] } },
{ "type": "Feature", "properties": { "id": "7e775fb4-67bb-49bc-8261-cd168d8816b5", "names": "{'primary': \"Nature's Pride\", 'common': None, 'rules': None}", "basic_category": "real_estate_service", "taxonomy": "{'primary': 'real_estate_service', 'hierarchy': ['services_and_business', 'real_estate_service'], 'alternates': None}", "confidence": 0.52795612812042236, "addresses": [ { "freeform": "Mauza Esapur, Warud-Multai Road, Near Gonapur Choki", "locality": "Warud", "postcode": "444906", "region": "MH", "country": "IN" } ], "phones": null, "websites": [ "http://NaturalLifeDay.com/" ], "business_name": "Nature's Pride", "category": "real_estate_service", "lat": 21.47169, "lon": 78.2674, "business_group": "services", "taxonomy_primary": "real_estate_service", "is_competitor": true }, "geometry": { "type": "Point", "coordinates": [ 78.2674, 21.47169 ] } },
{ "type": "Feature", "properties": { "id": "d40d23f8-00d0-4d65-b063-22c5d3f9aead", "names": "{'primary': 'Takarkhede Automotive E-Bike Pandhurna Chwok Warud 444906 ', 'common': None, 'rules': None}", "basic_category": "auto_dealer", "taxonomy": "{'primary': 'auto_dealer', 'hierarchy': ['shopping', 'vehicle_dealer', 'auto_dealer'], 'alternates': None}", "confidence": 0.62293797731399536, "addresses": [ { "freeform": "Takarkhede Automotive E-Bike Pandhurna Chwok Warud 444906", "locality": "Warud", "postcode": "444906", "region": "MH", "country": "IN" } ], "phones": [ "+919420906522" ], "websites": null, "business_name": "Takarkhede Automotive E-Bike Pandhurna Chwok Warud 444906 ", "category": "auto_dealer", "lat": 21.47203, "lon": 78.26848, "business_group": "automotive", "taxonomy_primary": "auto_dealer", "is_competitor": true }, "geometry": { "type": "Point", "coordinates": [ 78.26848, 21.47203 ] } },
{ "type": "Feature", "properties": { "id": "46c4bbb8-ca1e-4ca3-a039-42de0355c11f", "names": "{'primary': 'Vidarbha Hardware', 'common': None, 'rules': None}", "basic_category": "hardware_home_and_garden_store", "taxonomy": "{'primary': 'hardware_store', 'hierarchy': ['shopping', 'specialty_store', 'hardware_home_and_garden_store', 'hardware_store'], 'alternates': None}", "confidence": 0.92999666929244995, "addresses": [ { "freeform": "Sati Chowk", "locality": "Warud", "postcode": "444906", "region": "MH", "country": "IN" } ], "phones": [ "+917387491809" ], "websites": null, "business_name": "Vidarbha Hardware", "category": "hardware_store", "lat": 21.47139001, "lon": 78.26879007, "business_group": "retail", "taxonomy_primary": "hardware_store", "is_competitor": true }, "geometry": { "type": "Point", "coordinates": [ 78.26879007, 21.47139001 ] } },
{ "type": "Feature", "properties": { "id": "3f35e880-d0c6-4055-9bed-2bf2418f1253", "names": "{'primary': 'ICICI Bank', 'common': None, 'rules': [{'variant': 'short', 'language': None, 'perspectives': None, 'value': 'ICICI', 'between': None, 'side': None}]}", "basic_category": "bank_or_credit_union", "taxonomy": "{'primary': 'bank', 'hierarchy': ['services_and_business', 'financial_service', 'bank_or_credit_union', 'bank'], 'alternates': None}", "confidence": 0.8, "addresses": [ { "freeform": "Saboo Plaza, Pandurna Chowk, Warud Amravati Dist.", "locality": "Warud", "postcode": "444906", "region": "Maharashtra", "country": "IN" } ], "phones": null, "websites": [ "https://www.icicibank.com/branch/maharashtra/warud/icic0001696" ], "business_name": "ICICI Bank", "category": "bank", "lat": 21.470216, "lon": 78.267967, "business_group": "finance", "taxonomy_primary": "bank", "is_competitor": true }, "geometry": { "type": "Point", "coordinates": [ 78.267967, 21.470216 ] } },
{ "type": "Feature", "properties": { "id": "98cfcc96-07e7-4f64-b86b-8bd72979116f", "names": "{'primary': 'Shriram Finance Limited', 'common': None, 'rules': None}", "basic_category": "bank_or_credit_union", "taxonomy": "{'primary': 'credit_union', 'hierarchy': ['services_and_business', 'financial_service', 'bank_or_credit_union', 'credit_union'], 'alternates': None}", "confidence": 0.85, "addresses": [ { "freeform": "Khandelwal Sadan, Bypass Road, Warud", "locality": "Amravati", "postcode": "444906", "region": "Maharashtra", "country": "IN" } ], "phones": [ "18001034959" ], "websites": [ "https://branches.shriramfinance.in/shriram-finance-limited-financial-advisor-warud-amravati-249561/Home?utm_source=locator&utm_medium=bing" ], "business_name": "Shriram Finance Limited", "category": "credit_union", "lat": 21.469811, "lon": 78.268769, "business_group": "finance", "taxonomy_primary": "credit_union", "is_competitor": true }, "geometry": { "type": "Point", "coordinates": [ 78.268769, 21.469811 ] } },
{ "type": "Feature", "properties": { "id": "56c024d4-c04d-491b-83a9-21e5cff1c11c", "names": "{'primary': 'HDFC Bank ATM', 'common': None, 'rules': None}", "basic_category": "bank_or_credit_union", "taxonomy": "{'primary': 'bank_or_credit_union', 'hierarchy': ['services_and_business', 'financial_service', 'bank_or_credit_union'], 'alternates': None}", "confidence": 0.99856071398258206, "addresses": [ { "freeform": "Khandelwal Complex, Kedar Square, Gayatri Nagar", "locality": "Warud", "postcode": "444906", "region": "Maharashtra", "country": "IN" } ], "phones": [ "09426792001" ], "websites": [ "https://near-me.hdfcbank.com/branch-atm-locator/hdfc-bank-atm-gayatri-nagar-atm-gayatri-nagar-amravati-19356/Home?utm_source=locator&utm_medium=bing" ], "business_name": "HDFC Bank ATM", "category": "bank_or_credit_union", "lat": 21.4685111, "lon": 78.26776111, "business_group": "finance", "taxonomy_primary": "bank_or_credit_union", "is_competitor": true }, "geometry": { "type": "Point", "coordinates": [ 78.26776111, 21.4685111 ] } },
{ "type": "Feature", "properties": { "id": "ae0cad0a-3faf-4bf3-80e7-33e91611cbc3", "names": "{'primary': 'HDFC Securities - Warud', 'common': None, 'rules': None}", "basic_category": "food_and_beverage_store", "taxonomy": "{'primary': 'ethical_grocery_store', 'hierarchy': ['shopping', 'food_and_beverage_store', 'grocery_store', 'ethical_grocery_store'], 'alternates': None}", "confidence": 0.9655, "addresses": [ { "freeform": "Khandelwal Complex, Warud", "locality": "Amravati", "postcode": "444906", "region": "Maharashtra", "country": "IN" } ], "phones": [ "09240237953" ], "websites": [ "https://stockbroker.hdfcsec.com/hdfc-securities-warud-stock-broker-warud-amravati-414369/Home?utm_source=locator&utm_medium=bing" ], "business_name": "HDFC Securities - Warud", "category": "ethical_grocery_store", "lat": 21.468505, "lon": 78.2677601, "business_group": "food_and_grocery", "taxonomy_primary": "ethical_grocery_store", "is_competitor": true }, "geometry": { "type": "Point", "coordinates": [ 78.2677601, 21.468505 ] } },
{ "type": "Feature", "properties": { "id": "6b075a5f-1a05-450e-a5f0-c3c647736458", "names": "{'primary': 'Manappuram Finance', 'common': None, 'rules': None}", "basic_category": "event_or_party_service", "taxonomy": "{'primary': 'party_and_event_planning', 'hierarchy': ['services_and_business', 'event_or_party_service', 'party_and_event_planning'], 'alternates': None}", "confidence": 0.90013797819614405, "addresses": "[{'freeform': None, 'locality': 'Warud', 'postcode': None, 'region': 'MH', 'country': 'IN'}]", "phones": [ "+917229234700" ], "websites": null, "business_name": "Manappuram Finance", "category": "party_and_event_planning", "lat": 21.468476671162481, "lon": 78.26776229776074, "business_group": "services", "taxonomy_primary": "party_and_event_planning", "is_competitor": true }, "geometry": { "type": "Point", "coordinates": [ 78.26776229776074, 21.468476671162481 ] } },
{ "type": "Feature", "properties": { "id": "b6460ba3-f27d-4383-82a9-4862afc73e30", "names": "{'primary': 'Shrikant Jewellers', 'common': None, 'rules': None}", "basic_category": "fashion_and_apparel_store", "taxonomy": "{'primary': 'jewelry_store', 'hierarchy': ['shopping', 'fashion_and_apparel_store', 'jewelry_store'], 'alternates': None}", "confidence": 0.96153587102890015, "addresses": [ { "freeform": "Main Rd, near Dhanashree trading company", "locality": "Warud", "postcode": "444906", "region": "MH", "country": "IN" } ], "phones": [ "+917249663296" ], "websites": null, "business_name": "Shrikant Jewellers", "category": "jewelry_store", "lat": 21.46724719, "lon": 78.26855852, "business_group": "retail", "taxonomy_primary": "jewelry_store", "is_competitor": true }, "geometry": { "type": "Point", "coordinates": [ 78.26855852, 21.46724719 ] } },
{ "type": "Feature", "properties": { "id": "80075676-d27c-4688-982e-b28665144c64", "names": "{'primary': 'Vijay Theatre', 'common': None, 'rules': None}", "basic_category": "movie_theater", "taxonomy": "{'primary': 'movie_theater', 'hierarchy': ['arts_and_entertainment', 'movie_theater'], 'alternates': None}", "confidence": 0.65533816814422607, "addresses": [ { "freeform": "Warud Road", "locality": "Warud", "postcode": "444906", "region": "MH", "country": "IN" } ], "phones": [ "+919422955990" ], "websites": null, "business_name": "Vijay Theatre", "category": "movie_theater", "lat": 21.46851843, "lon": 78.26988875000001, "business_group": "entertainment_sports", "taxonomy_primary": "movie_theater", "is_competitor": true }, "geometry": { "type": "Point", "coordinates": [ 78.26988875, 21.46851843 ] } },
{ "type": "Feature", "properties": { "id": "3ce725f3-d598-4a7c-a169-5eb7b692ae1c", "names": "{'primary': 'Bank of Maharashtra', 'common': None, 'rules': None}", "basic_category": "bank_or_credit_union", "taxonomy": "{'primary': 'bank_or_credit_union', 'hierarchy': ['services_and_business', 'financial_service', 'bank_or_credit_union'], 'alternates': None}", "confidence": 0.85, "addresses": [ { "freeform": "Kale Complex", "locality": "Warud", "postcode": "444906", "region": "Maharashtra", "country": "IN" } ], "phones": [ "18002334526" ], "websites": [ "https://branch-atm-locator.bankofmaharashtra.in/bank-of-maharashtra-warud-amravati-public-sector-bank-warud-amravati-100689/Home?utm_source=locator&utm_medium=bing" ], "business_name": "Bank of Maharashtra", "category": "bank_or_credit_union", "lat": 21.468936, "lon": 78.269899, "business_group": "finance", "taxonomy_primary": "bank_or_credit_union", "is_competitor": true }, "geometry": { "type": "Point", "coordinates": [ 78.269899, 21.468936 ] } },
{ "type": "Feature", "properties": { "id": "6a2aaa82-9ae7-4c51-bb8c-e610456e140e", "names": "{'primary': 'AU Small Finance Bank', 'common': None, 'rules': None}", "basic_category": "bank_or_credit_union", "taxonomy": "{'primary': 'bank', 'hierarchy': ['services_and_business', 'financial_service', 'bank_or_credit_union', 'bank'], 'alternates': None}", "confidence": 0.77, "addresses": [ { "freeform": "1st Floor, Thakare Complex", "locality": "Amravati", "postcode": "444906", "region": "Maharashtra", "country": "IN" } ], "phones": [ "1800 31 3313" ], "websites": [ "https://locate.au.bank.in/au-small-finance-bank-warud-banks-warud-amravati-522642/Home" ], "business_name": "AU Small Finance Bank", "category": "bank", "lat": 21.4691625, "lon": 78.2689531, "business_group": "finance", "taxonomy_primary": "bank", "is_competitor": true }, "geometry": { "type": "Point", "coordinates": [ 78.2689531, 21.4691625 ] } },
{ "type": "Feature", "properties": { "id": "128f14e9-00b7-4263-8239-c1be1ab41b63", "names": "{'primary': 'Sayali Metal', 'common': None, 'rules': None}", "basic_category": "shopping", "taxonomy": "{'primary': 'shopping', 'hierarchy': ['shopping'], 'alternates': None}", "confidence": 0.51745247840881348, "addresses": [ { "freeform": "Main Road, Motha Bhaji Bazar, Shaniwar Peth", "locality": "Warud", "postcode": "444906", "region": "MH", "country": "IN" } ], "phones": null, "websites": null, "business_name": "Sayali Metal", "category": "shopping", "lat": 21.46938264, "lon": 78.2688953, "business_group": "retail", "taxonomy_primary": "shopping", "is_competitor": true }, "geometry": { "type": "Point", "coordinates": [ 78.2688953, 21.46938264 ] } },
{ "type": "Feature", "properties": { "id": "5fa44d50-085c-4d77-af8d-fca193678dbc", "names": "{'primary': 'BRAND Mens Collection Warud', 'common': None, 'rules': None}", "basic_category": "fashion_and_apparel_store", "taxonomy": "{'primary': 'mens_clothing_store', 'hierarchy': ['shopping', 'fashion_and_apparel_store', 'clothing_store', 'mens_clothing_store'], 'alternates': None}", "confidence": 0.65253198146820068, "addresses": [ { "freeform": "Setter No.10, Bombay Lounge, Kedar Chowk,Bhoyar Complex,Warud.  ", "locality": "Warud", "postcode": "444906", "region": "MH", "country": "IN" } ], "phones": [ "+919370512632" ], "websites": null, "business_name": "BRAND Mens Collection Warud", "category": "mens_clothing_store", "lat": 21.469455939294001, "lon": 78.269082068873004, "business_group": "retail", "taxonomy_primary": "mens_clothing_store", "is_competitor": true }, "geometry": { "type": "Point", "coordinates": [ 78.269082068873004, 21.469455939294001 ] } },
{ "type": "Feature", "properties": { "id": "b8cf74af-16a9-4093-ba11-9df47d744121", "names": "{'primary': 'Srad Deshmukh Hospital', 'common': None, 'rules': None}", "basic_category": "hospital", "taxonomy": "{'primary': 'hospital', 'hierarchy': ['health_care', 'hospital'], 'alternates': None}", "confidence": 0.58858633041381836, "addresses": [ { "freeform": "Warud Road", "locality": "Warud", "postcode": "444906", "region": "MH", "country": "IN" } ], "phones": null, "websites": null, "business_name": "Srad Deshmukh Hospital", "category": "hospital", "lat": 21.4706987, "lon": 78.26959943, "business_group": "healthcare", "taxonomy_primary": "hospital", "is_competitor": true }, "geometry": { "type": "Point", "coordinates": [ 78.26959943, 21.4706987 ] } },
{ "type": "Feature", "properties": { "id": "d907d769-c918-4961-848b-3bbf3a405a53", "names": "{'primary': 'Pavan Khasbage Fitness and Supplement', 'common': None, 'rules': None}", "basic_category": "sports_and_recreation", "taxonomy": "{'primary': 'sports_and_recreation', 'hierarchy': ['sports_and_recreation'], 'alternates': None}", "confidence": 0.5829804539680481, "addresses": [ { "freeform": "Police Station Rd, near marathi school ground", "locality": "Warud", "postcode": "444906", "region": "MH", "country": "IN" } ], "phones": [ "+919970404188" ], "websites": null, "business_name": "Pavan Khasbage Fitness and Supplement", "category": "sports_and_recreation", "lat": 21.46818748, "lon": 78.2714269, "business_group": "entertainment_sports", "taxonomy_primary": "sports_and_recreation", "is_competitor": true }, "geometry": { "type": "Point", "coordinates": [ 78.2714269, 21.46818748 ] } },
{ "type": "Feature", "properties": { "id": "b0351e6e-61f4-4d36-85ca-64e61bd6006d", "names": "{'primary': 'Bajaj Finserv Gold Loan', 'common': None, 'rules': None}", "basic_category": "fashion_and_apparel_store", "taxonomy": "{'primary': 'jewelry_store', 'hierarchy': ['shopping', 'fashion_and_apparel_store', 'jewelry_store'], 'alternates': None}", "confidence": 0.85, "addresses": [ { "freeform": "Ground Floor, Gonarkar Complex, Indira Chowk, Warud", "locality": "Amravati", "postcode": "444906", "region": "Maharashtra", "country": "IN" } ], "phones": [ "02047170999" ], "websites": [ "https://nearme.bajajfinserv.in/gold-loan/bajaj-finserv-gold-loan-warud-indira-chowk-loan-agency-warud-warud-266333/Home?utm_source=locator&utm_medium=bing" ], "business_name": "Bajaj Finserv Gold Loan", "category": "jewelry_store", "lat": 21.467522, "lon": 78.271736, "business_group": "retail", "taxonomy_primary": "jewelry_store", "is_competitor": true }, "geometry": { "type": "Point", "coordinates": [ 78.271736, 21.467522 ] } },
{ "type": "Feature", "properties": { "id": "6a1bd6d7-b487-4451-a385-5254e4d94f01", "names": "{'primary': 'Indian Overseas Bank', 'common': None, 'rules': None}", "basic_category": "bank_or_credit_union", "taxonomy": "{'primary': 'bank_or_credit_union', 'hierarchy': ['services_and_business', 'financial_service', 'bank_or_credit_union'], 'alternates': None}", "confidence": 0.9655, "addresses": [ { "freeform": "NPP 269, Ward No 01, Multai Road, Warud", "locality": "Amravati", "postcode": "444906", "region": "Maharashtra", "country": "IN" } ], "phones": [ "08925953543" ], "websites": [ "https://locate.iob.in/indian-overseas-bank-warud-public-sector-bank-warud-amravati-379988/Home?utm_source=locator&utm_medium=bing" ], "business_name": "Indian Overseas Bank", "category": "bank_or_credit_union", "lat": 21.468031, "lon": 78.273251, "business_group": "finance", "taxonomy_primary": "bank_or_credit_union", "is_competitor": true }, "geometry": { "type": "Point", "coordinates": [ 78.273251, 21.468031 ] } },
{ "type": "Feature", "properties": { "id": "b5487bb2-bea2-4d9a-acd4-ce97ad1bf396", "names": "{'primary': 'Indian Overseas Bank - ATM', 'common': None, 'rules': None}", "basic_category": "bank_or_credit_union", "taxonomy": "{'primary': 'bank', 'hierarchy': ['services_and_business', 'financial_service', 'bank_or_credit_union', 'bank'], 'alternates': None}", "confidence": 0.77, "addresses": [ { "freeform": "No NPP/269,Ward No 01, Multai Road, RTO Chowk", "locality": "Amravati", "postcode": "444906", "region": "Maharashtra", "country": "IN" } ], "phones": [ "089259 53543" ], "websites": [ "https://locate.iob.in/indian-overseas-bank-atm-warud-public-sector-bank-warud-amravati-396044/Home" ], "business_name": "Indian Overseas Bank - ATM", "category": "bank", "lat": 21.468027, "lon": 78.273251, "business_group": "finance", "taxonomy_primary": "bank", "is_competitor": true }, "geometry": { "type": "Point", "coordinates": [ 78.273251, 21.468027 ] } },
{ "type": "Feature", "properties": { "id": "5b4fe18a-3a0f-46af-8ceb-de5966b02dc2", "names": "{'primary': 'Motilal Oswal Financial Services Limited', 'common': None, 'rules': None}", "basic_category": "financial_service", "taxonomy": "{'primary': 'stock_and_bond_broker', 'hierarchy': ['services_and_business', 'financial_service', 'broker', 'stock_and_bond_broker'], 'alternates': None}", "confidence": 0.85, "addresses": [ { "freeform": "1st Floor, Bhawani Complex, Indra Chowk", "locality": "Warud", "postcode": "444906", "region": "Maharashtra", "country": "IN" } ], "phones": [ "09731016307" ], "websites": [ "https://stockbroker.motilaloswal.com/motilal-oswal-financial-services-limited-manish-nilkanthrao-mendhe-stock-broker-indra-chowk-amravati-45582/Home?utm_source=locator&utm_medium=bing" ], "business_name": "Motilal Oswal Financial Services Limited", "category": "stock_and_bond_broker", "lat": 21.468886, "lon": 78.273018, "business_group": "services", "taxonomy_primary": "stock_and_bond_broker", "is_competitor": true }, "geometry": { "type": "Point", "coordinates": [ 78.273018, 21.468886 ] } },
{ "type": "Feature", "properties": { "id": "d9da5233-e958-4859-810a-d79430f52f89", "names": "{'primary': 'School of Scholars, Warud', 'common': None, 'rules': None}", "basic_category": "place_of_learning", "taxonomy": "{'primary': 'school', 'hierarchy': ['education', 'place_of_learning', 'school'], 'alternates': None}", "confidence": 0.89757454395294189, "addresses": [ { "freeform": "Survey No 477/1/A Isambari Road ,Warud", "locality": "Warud", "postcode": "444906", "region": "MH", "country": "IN" } ], "phones": [ "+918390394003" ], "websites": [ "https://schoolofscholars.co.in/sos_warud/" ], "business_name": "School of Scholars, Warud", "category": "school", "lat": 21.468086074102999, "lon": 78.274369239807001, "business_group": "education", "taxonomy_primary": "school", "is_competitor": true }, "geometry": { "type": "Point", "coordinates": [ 78.274369239807001, 21.468086074102999 ] } },
{ "type": "Feature", "properties": { "id": "20d01a1f-5fdd-4439-8de9-dafc6d5d2efb", "names": "{'primary': 'Cholamandalam Investment and Finance Company Limited', 'common': None, 'rules': None}", "basic_category": "bank_or_credit_union", "taxonomy": "{'primary': 'credit_union', 'hierarchy': ['services_and_business', 'financial_service', 'bank_or_credit_union', 'credit_union'], 'alternates': None}", "confidence": 0.85, "addresses": [ { "freeform": "1st Floor, Ring Road, Rashtrsant Colony, Near Datta Mandir", "locality": "Warud", "postcode": "444906", "region": "Maharashtra", "country": "IN" } ], "phones": [ "08044465104" ], "websites": [ "https://www.cholamandalam.com/branch/rashtrsant-colony" ], "business_name": "Cholamandalam Investment and Finance Company Limited", "category": "credit_union", "lat": 21.4699829, "lon": 78.2731442, "business_group": "finance", "taxonomy_primary": "credit_union", "is_competitor": true }, "geometry": { "type": "Point", "coordinates": [ 78.2731442, 21.4699829 ] } },
{ "type": "Feature", "properties": { "id": "a06d3270-299a-407c-836e-dbfcf5bd69ca", "names": "{'primary': 'Californiya Cricket Academy, Warud', 'common': None, 'rules': None}", "basic_category": "sport_league", "taxonomy": null, "confidence": 0.69684118032455444, "addresses": [ { "freeform": "Ande Wadi, near court, Warud", "locality": "Warud", "postcode": "444906", "region": "MH", "country": "IN" } ], "phones": [ "+919421819282" ], "websites": null, "business_name": "Californiya Cricket Academy, Warud", "category": null, "lat": 21.4696, "lon": 78.2729, "business_group": "entertainment_sports", "taxonomy_primary": null, "is_competitor": true }, "geometry": { "type": "Point", "coordinates": [ 78.2729, 21.4696 ] } },
{ "type": "Feature", "properties": { "id": "fc4bac98-32ba-4dd4-a196-54d9710e46fe", "names": "{'primary': 'Paragon Footwear', 'common': None, 'rules': None}", "basic_category": "fashion_and_apparel_store", "taxonomy": "{'primary': 'shoe_store', 'hierarchy': ['shopping', 'fashion_and_apparel_store', 'shoe_store'], 'alternates': None}", "confidence": 0.77, "addresses": [ { "freeform": "Ground Floor,Pardi Chowk, Ring Road", "locality": "Amravati", "postcode": "444906", "region": "Maharashtra", "country": "IN" } ], "phones": [ "098344 57952" ], "websites": [ "https://stores.paragonfootwear.com/paragon-footwear-new-chethan-enterprises-shoe-shop-warud-amravati-310953/Home" ], "business_name": "Paragon Footwear", "category": "shoe_store", "lat": 21.4727663, "lon": 78.2730401, "business_group": "retail", "taxonomy_primary": "shoe_store", "is_competitor": true }, "geometry": { "type": "Point", "coordinates": [ 78.2730401, 21.4727663 ] } },
{ "type": "Feature", "properties": { "id": "70b8dc6d-ee1d-435c-9984-23ab897a5649", "names": "{'primary': 'Hotel Nature Food', 'common': None, 'rules': None}", "basic_category": "hotel", "taxonomy": "{'primary': 'hotel', 'hierarchy': ['lodging', 'hotel'], 'alternates': None}", "confidence": 0.64980560541152954, "addresses": [ { "freeform": "Multai Road, Sane Guruji Colony, Warud,", "locality": "Warud", "postcode": "444906", "region": "MH", "country": "IN" } ], "phones": [ "+919096157035" ], "websites": [ "https://instagram.com/natutefoodfamilyeestaurant?igshid=Yzg5MTU1MDY%3D" ], "business_name": "Hotel Nature Food", "category": "hotel", "lat": 21.473045783202, "lon": 78.273232653736997, "business_group": "hospitality", "taxonomy_primary": "hotel", "is_competitor": true }, "geometry": { "type": "Point", "coordinates": [ 78.273232653736997, 21.473045783202 ] } },
{ "type": "Feature", "properties": { "id": "939b269f-272c-4a48-af2f-8363d48b6a3d", "names": "{'primary': 'Ketan Hyundai, Warud', 'common': None, 'rules': None}", "basic_category": "auto_dealer", "taxonomy": "{'primary': 'auto_dealer', 'hierarchy': ['shopping', 'vehicle_dealer', 'auto_dealer'], 'alternates': None}", "confidence": 0.87865537405014038, "addresses": [ { "freeform": "C/o Laxmi Narayan Saw Mill, Gajanan Mandir Road, Shaniwar Peth, Warud", "locality": "Warud", "postcode": "444906", "region": "MH", "country": "IN" } ], "phones": null, "websites": [ "http://www.ketan.hyundaimotor.in/" ], "business_name": "Ketan Hyundai, Warud", "category": "auto_dealer", "lat": 21.472239558818998, "lon": 78.275985756783001, "business_group": "automotive", "taxonomy_primary": "auto_dealer", "is_competitor": true }, "geometry": { "type": "Point", "coordinates": [ 78.275985756783001, 21.472239558818998 ] } },
{ "type": "Feature", "properties": { "id": "7e4f9520-2f27-4913-9d72-e3bf54f9b7ed", "names": "{'primary': 'Cafe He She N Tea', 'common': None, 'rules': None}", "basic_category": "cafe", "taxonomy": "{'primary': 'cafe', 'hierarchy': ['food_and_drink', 'casual_eatery', 'cafe'], 'alternates': None}", "confidence": 0.66907322406768799, "addresses": [ { "freeform": "Ring Rd", "locality": "Warud", "postcode": "444906", "region": "MH", "country": "IN" } ], "phones": [ "+919011003323" ], "websites": [ "http://www.cafeheshentea.co.in/" ], "business_name": "Cafe He She N Tea", "category": "cafe", "lat": 21.47408908, "lon": 78.2747057, "business_group": "food_and_grocery", "taxonomy_primary": "cafe", "is_competitor": true }, "geometry": { "type": "Point", "coordinates": [ 78.2747057, 21.47408908 ] } },
{ "type": "Feature", "properties": { "id": "11d5e83a-0ab8-489f-8dc7-6d44554d5193", "names": "{'primary': 'Malode Bichayat and Caterers', 'common': None, 'rules': None}", "basic_category": "event_or_party_service", "taxonomy": "{'primary': 'caterer', 'hierarchy': ['services_and_business', 'event_or_party_service', 'caterer'], 'alternates': None}", "confidence": 0.59622371196746826, "addresses": [ { "freeform": "Ring Rd", "locality": "Warud", "postcode": "444906", "region": "MH", "country": "IN" } ], "phones": [ "+919975197938" ], "websites": null, "business_name": "Malode Bichayat and Caterers", "category": "caterer", "lat": 21.47377287, "lon": 78.27300959, "business_group": "services", "taxonomy_primary": "caterer", "is_competitor": true }, "geometry": { "type": "Point", "coordinates": [ 78.27300959, 21.47377287 ] } },
{ "type": "Feature", "properties": { "id": "bde136f4-2dfe-4eea-a5bb-ca8d50ce277b", "names": "{'primary': 'Shriram City Union Finance Limited', 'common': None, 'rules': None}", "basic_category": "bank_or_credit_union", "taxonomy": "{'primary': 'credit_union', 'hierarchy': ['services_and_business', 'financial_service', 'bank_or_credit_union', 'credit_union'], 'alternates': None}", "confidence": 0.85, "addresses": [ { "freeform": "Khandelwal Sadan, Bypass Road, Warud, Dist-Amravati", "locality": "Warud", "postcode": "444906", "region": "Maharashtra", "country": "IN" } ], "phones": [ "18001036369" ], "websites": [ "https://www.shriramcity.in/?utm_source=bing_places" ], "business_name": "Shriram City Union Finance Limited", "category": "credit_union", "lat": 21.4747009277344, "lon": 78.273002624511705, "business_group": "finance", "taxonomy_primary": "credit_union", "is_competitor": true }, "geometry": { "type": "Point", "coordinates": [ 78.273002624511705, 21.4747009277344 ] } },
{ "type": "Feature", "properties": { "id": "0d5d4b04-5c88-49e4-a6ac-e4897576f9bd", "names": "{'primary': 'Cake Zone', 'common': None, 'rules': None}", "basic_category": "casual_eatery", "taxonomy": "{'primary': 'dessert_shop', 'hierarchy': ['food_and_drink', 'casual_eatery', 'dessert_shop'], 'alternates': None}", "confidence": 0.60573762655258179, "addresses": [ { "freeform": "Ring Rd", "locality": "Warud", "postcode": "444906", "region": "MH", "country": "IN" } ], "phones": [ "+918999545164" ], "websites": null, "business_name": "Cake Zone", "category": "dessert_shop", "lat": 21.47521474, "lon": 78.27280456, "business_group": "retail", "taxonomy_primary": "dessert_shop", "is_competitor": true }, "geometry": { "type": "Point", "coordinates": [ 78.27280456, 21.47521474 ] } },
{ "type": "Feature", "properties": { "id": "2642d6a4-9f4f-459a-bf57-0c384e4f588e", "names": "{'primary': 'Shelke Orthopaedic and Gynec Hospital', 'common': None, 'rules': None}", "basic_category": "hospital", "taxonomy": "{'primary': 'hospital', 'hierarchy': ['health_care', 'hospital'], 'alternates': None}", "confidence": 0.64106792211532593, "addresses": [ { "freeform": "Ande Wadi, Ring Road, Warud, Dist. Amravati 444906", "locality": "Warud", "postcode": "444906", "region": "MH", "country": "IN" } ], "phones": null, "websites": null, "business_name": "Shelke Orthopaedic and Gynec Hospital", "category": "hospital", "lat": 21.47445814, "lon": 78.27206707000001, "business_group": "healthcare", "taxonomy_primary": "hospital", "is_competitor": true }, "geometry": { "type": "Point", "coordinates": [ 78.27206707, 21.47445814 ] } },
{ "type": "Feature", "properties": { "id": "40e964e4-302e-44a7-be7b-b8ff217b9dfe", "names": "{'primary': 'Wasule Hospital & Khushi Maternity Home', 'common': None, 'rules': None}", "basic_category": "hospital", "taxonomy": "{'primary': 'hospital', 'hierarchy': ['health_care', 'hospital'], 'alternates': None}", "confidence": 0.66130757331848145, "addresses": [ { "freeform": "above ESAF Bank", "locality": "Warud", "postcode": "444906", "region": "MH", "country": "IN" } ], "phones": [ "+918668574100" ], "websites": null, "business_name": "Wasule Hospital & Khushi Maternity Home", "category": "hospital", "lat": 21.47446094, "lon": 78.27204899, "business_group": "healthcare", "taxonomy_primary": "hospital", "is_competitor": true }, "geometry": { "type": "Point", "coordinates": [ 78.27204899, 21.47446094 ] } },
{ "type": "Feature", "properties": { "id": "81c4cf3c-8b5d-4490-a283-0b99b157e1e0", "names": "{'primary': 'Shri Vishwayan Ayurveda Panchkarma Clinic', 'common': None, 'rules': None}", "basic_category": "behavioral_or_mental_health_clinic", "taxonomy": "{'primary': 'family_counseling', 'hierarchy': ['health_care', 'outpatient_care_facility', 'behavioral_or_mental_health_clinic', 'counseling', 'family_counseling'], 'alternates': None}", "confidence": 0.57396626472473145, "addresses": [ { "freeform": "Shelke Accident Hospital, LIC Office Road, Andewadi Ring Road, Warud", "locality": "Warud", "postcode": "440010", "region": "MH", "country": "IN" } ], "phones": [ "+919823053011" ], "websites": null, "business_name": "Shri Vishwayan Ayurveda Panchkarma Clinic", "category": "family_counseling", "lat": 21.47469, "lon": 78.27207, "business_group": "healthcare", "taxonomy_primary": "family_counseling", "is_competitor": true }, "geometry": { "type": "Point", "coordinates": [ 78.27207, 21.47469 ] } },
{ "type": "Feature", "properties": { "id": "acca841c-df74-4838-85ac-b390de1eef49", "names": "{'primary': 'Kings Gym', 'common': None, 'rules': None}", "basic_category": "gym", "taxonomy": "{'primary': 'gym', 'hierarchy': ['sports_and_recreation', 'sport_or_fitness_facility', 'gym'], 'alternates': None}", "confidence": 0.81107395887374878, "addresses": [ { "freeform": "near LIC Office", "locality": "Warud", "postcode": "444906", "region": "MH", "country": "IN" } ], "phones": [ "+917972528122" ], "websites": null, "business_name": "Kings Gym", "category": "gym", "lat": 21.47433202, "lon": 78.27062248, "business_group": "entertainment_sports", "taxonomy_primary": "gym", "is_competitor": true }, "geometry": { "type": "Point", "coordinates": [ 78.27062248, 21.47433202 ] } },
{ "type": "Feature", "properties": { "id": "591e5768-b648-45a5-a9ce-da449e630fe8", "names": "{'primary': 'Shriram Finance Limited', 'common': None, 'rules': None}", "basic_category": "bank_or_credit_union", "taxonomy": "{'primary': 'credit_union', 'hierarchy': ['services_and_business', 'financial_service', 'bank_or_credit_union', 'credit_union'], 'alternates': None}", "confidence": 0.85, "addresses": [ { "freeform": "Khandelwal Sadan, Bypass Road, Warud", "locality": "Amaravati", "postcode": "444906", "region": "Maharashtra", "country": "IN" } ], "phones": [ "18004106622" ], "websites": [ "https://nearme.shriramfinance.in/maharashtra/amaravati/warud-branch" ], "business_name": "Shriram Finance Limited", "category": "credit_union", "lat": 21.4731645, "lon": 78.2707632, "business_group": "finance", "taxonomy_primary": "credit_union", "is_competitor": true }, "geometry": { "type": "Point", "coordinates": [ 78.2707632, 21.4731645 ] } },
{ "type": "Feature", "properties": { "id": "ac658631-c43f-425f-94c7-1a810717d99d", "names": "{'primary': 'Hindustan Petroleum', 'common': None, 'rules': [{'variant': 'official', 'language': None, 'perspectives': None, 'value': 'Hindustan Petroleum', 'between': None, 'side': None}, {'variant': 'short', 'language': None, 'perspectives': None, 'value': 'HP', 'between': None, 'side': None}]}", "basic_category": "gas_station", "taxonomy": "{'primary': 'gas_station', 'hierarchy': ['travel_and_transportation', 'fueling_station', 'gas_station'], 'alternates': None}", "confidence": 0.954, "addresses": [ { "freeform": "Ground Floor", "locality": "Warud", "postcode": "444906", "region": "Amravati", "country": "IN" } ], "phones": null, "websites": [ "https://petrolpump.hpretail.in/hindustan-petroleum-corporation-limited-badri-narayan-gulabchand-petrol-pump-warud-amravati-388675/Home" ], "business_name": "Hindustan Petroleum", "category": "gas_station", "lat": 21.472741, "lon": 78.269711, "business_group": "transport", "taxonomy_primary": "gas_station", "is_competitor": true }, "geometry": { "type": "Point", "coordinates": [ 78.269711, 21.472741 ] } },
{ "type": "Feature", "properties": { "id": "90ac550f-e05d-4d64-916f-dcacff19bb47", "names": "{'primary': 'Shree Sant Gajanan Market', 'common': None, 'rules': None}", "basic_category": "food_and_beverage_store", "taxonomy": "{'primary': 'grocery_store', 'hierarchy': ['shopping', 'food_and_beverage_store', 'grocery_store'], 'alternates': None}", "confidence": 0.52463525533676147, "addresses": [ { "freeform": "", "locality": "Warud", "postcode": "444906", "region": "MH", "country": "IN" } ], "phones": null, "websites": null, "business_name": "Shree Sant Gajanan Market", "category": "grocery_store", "lat": 21.47162847, "lon": 78.26956062, "business_group": "food_and_grocery", "taxonomy_primary": "grocery_store", "is_competitor": true }, "geometry": { "type": "Point", "coordinates": [ 78.26956062, 21.47162847 ] } },
{ "type": "Feature", "properties": { "id": "a125e658-a0de-4e41-8211-b83c4ab1a66e", "names": "{'primary': 'Warud', 'common': None, 'rules': None}", "basic_category": "lodging", "taxonomy": "{'primary': 'lodging', 'hierarchy': ['lodging'], 'alternates': None}", "confidence": 0.5933910608291626, "addresses": "[{'freeform': None, 'locality': 'Warud', 'postcode': None, 'region': 'MH', 'country': 'IN'}]", "phones": [ "+919423425198" ], "websites": null, "business_name": "Warud", "category": "lodging", "lat": 21.472290158862108, "lon": 78.269150163960489, "business_group": "hospitality", "taxonomy_primary": "lodging", "is_competitor": true }, "geometry": { "type": "Point", "coordinates": [ 78.269150163960489, 21.472290158862108 ] } },
{ "type": "Feature", "properties": { "id": "bfc23b1d-530c-4684-b912-c4ac07cb2cec", "names": "{'primary': 'Bank of Baroda', 'common': None, 'rules': []}", "basic_category": "bank_or_credit_union", "taxonomy": "{'primary': 'bank', 'hierarchy': ['services_and_business', 'financial_service', 'bank_or_credit_union', 'bank'], 'alternates': None}", "confidence": 0.8, "addresses": [ { "freeform": "KEDAR CHOWK, NAGARPALIKA COMPLEX, WARUD", "locality": "AMRAVATI", "postcode": "444906", "region": "MAHARASHTRA", "country": "IN" } ], "phones": null, "websites": null, "business_name": "Bank of Baroda", "category": "bank", "lat": 21.472948, "lon": 78.268994, "business_group": "finance", "taxonomy_primary": "bank", "is_competitor": true }, "geometry": { "type": "Point", "coordinates": [ 78.268994, 21.472948 ] } },
{ "type": "Feature", "properties": { "id": "3c376015-c18e-4aff-ba19-93b7e9bc1a76", "names": "{'primary': 'Central Bank of India', 'common': None, 'rules': None}", "basic_category": "bank_or_credit_union", "taxonomy": "{'primary': 'bank', 'hierarchy': ['services_and_business', 'financial_service', 'bank_or_credit_union', 'bank'], 'alternates': None}", "confidence": 0.56037306785583496, "addresses": [ { "freeform": "GR.FLOOR, NAGAR PARISHAD COMPLEX,", "locality": "Warud", "postcode": "444906", "region": "MH", "country": "IN" } ], "phones": [ "+917229234001" ], "websites": null, "business_name": "Central Bank of India", "category": "bank", "lat": 21.47357209, "lon": 78.26933656, "business_group": "finance", "taxonomy_primary": "bank", "is_competitor": true }, "geometry": { "type": "Point", "coordinates": [ 78.26933656, 21.47357209 ] } },
{ "type": "Feature", "properties": { "id": "85776912-78b2-48ac-98c6-405a7712739d", "names": "{'primary': 'Shri Gurudev krushi kendra Rajura bazar', 'common': None, 'rules': None}", "basic_category": "b2b_service", "taxonomy": "{'primary': 'agriculture', 'hierarchy': ['services_and_business', 'b2b_service', 'b2b_agriculture_service', 'agriculture'], 'alternates': None}", "confidence": 0.55823421478271484, "addresses": "[{'freeform': 'Rajura  Bazar ', 'locality': 'Warud Sub-District', 'postcode': None, 'region': 'MH', 'country': 'IN'}]", "phones": [ "+919325781513" ], "websites": null, "business_name": "Shri Gurudev krushi kendra Rajura bazar", "category": "agriculture", "lat": 21.47356, "lon": 78.26929, "business_group": "agriculture", "taxonomy_primary": "agriculture", "is_competitor": true }, "geometry": { "type": "Point", "coordinates": [ 78.26929, 21.47356 ] } },
{ "type": "Feature", "properties": { "id": "d16ca2dc-50a6-469f-b545-d07f34f9fa9f", "names": "{'primary': 'Patanjali Arogya Kendra', 'common': None, 'rules': None}", "basic_category": "food_and_beverage_store", "taxonomy": "{'primary': 'indian_grocery_store', 'hierarchy': ['shopping', 'food_and_beverage_store', 'grocery_store', 'indian_grocery_store'], 'alternates': None}", "confidence": 0.85, "addresses": [ { "freeform": "Ground Floor, Yawal Karwadi, Warud", "locality": "Amravati", "postcode": "444906", "region": "Maharashtra", "country": "IN" } ], "phones": [ "09420189338" ], "websites": [ "https://patanjalistores.patanjaliayurved.org/patanjali-arogya-kendra-amit-ayurvedic-pharmacy-indian-grocery-store-warud-amravati-255738/Home?utm_source=locator&utm_medium=bing" ], "business_name": "Patanjali Arogya Kendra", "category": "indian_grocery_store", "lat": 21.4737124, "lon": 78.2696931, "business_group": "food_and_grocery", "taxonomy_primary": "indian_grocery_store", "is_competitor": true }, "geometry": { "type": "Point", "coordinates": [ 78.2696931, 21.4737124 ] } },
{ "type": "Feature", "properties": { "id": "c373e0e4-cf09-4abb-b79e-b6c85643d97a", "names": "{'primary': \"RamKrishna Children's Hospital Warud\", 'common': None, 'rules': None}", "basic_category": "hospital", "taxonomy": "{'primary': 'hospital', 'hierarchy': ['health_care', 'hospital'], 'alternates': None}", "confidence": 0.74366235733032227, "addresses": [ { "freeform": "First Floor Above ESAF Bank,Near New Ghar Sansar sale,Shrirao Wadi  ,Approach Road Warud.", "locality": "Warud", "postcode": "444906", "region": "MH", "country": "IN" } ], "phones": [ "+918999891190" ], "websites": null, "business_name": "RamKrishna Children's Hospital Warud", "category": "hospital", "lat": 21.474995174718, "lon": 78.269991883127005, "business_group": "healthcare", "taxonomy_primary": "hospital", "is_competitor": true }, "geometry": { "type": "Point", "coordinates": [ 78.269991883127005, 21.474995174718 ] } },
{ "type": "Feature", "properties": { "id": "71734d90-2394-424e-b24f-617bd99ddf3b", "names": "{'primary': 'HDFC ERGO Insurance Agent: Umesh Champalal Chhangani', 'common': None, 'rules': None}", "basic_category": "financial_service", "taxonomy": "{'primary': 'financial_service', 'hierarchy': ['services_and_business', 'financial_service'], 'alternates': None}", "confidence": 0.77, "addresses": [ { "freeform": "Ward No 3,Warud", "locality": "Amravati", "postcode": "444908", "region": "Maharashtra", "country": "IN" } ], "phones": [ "091753 90109" ], "websites": [ "https://agent.hdfcergo.com/hdfc-ergo-insurance-agent-umesh-champalal-chhangani-insurance-broker-jamgaon-amravati-408167/Home" ], "business_name": "HDFC ERGO Insurance Agent: Umesh Champalal Chhangani", "category": "financial_service", "lat": 21.474751, "lon": 78.269401, "business_group": "services", "taxonomy_primary": "financial_service", "is_competitor": true }, "geometry": { "type": "Point", "coordinates": [ 78.269401, 21.474751 ] } },
{ "type": "Feature", "properties": { "id": "873da81f-66a2-44b5-a3ae-27f031ffa026", "names": "{'primary': 'Davaindia Generic Pharmacy', 'common': None, 'rules': None}", "basic_category": "pharmacy_and_drug_store", "taxonomy": "{'primary': 'pharmacy', 'hierarchy': ['shopping', 'specialty_store', 'pharmacy_and_drug_store', 'pharmacy'], 'alternates': None}", "confidence": 0.85, "addresses": [ { "freeform": "Kathi Wale Complex, Approach Road, Warud", "locality": "Amravati", "postcode": "444906", "region": "Maharashtra", "country": "IN" } ], "phones": [ "09860194708" ], "websites": [ "https://pharmacy-nearme.davaindia.com/davaindia-generic-pharmacy-pharmacy-warud-amravati-174296/Home?utm_source=locator&utm_medium=bing" ], "business_name": "Davaindia Generic Pharmacy", "category": "pharmacy", "lat": 21.4748318, "lon": 78.269475, "business_group": "healthcare", "taxonomy_primary": "pharmacy", "is_competitor": true }, "geometry": { "type": "Point", "coordinates": [ 78.269475, 21.4748318 ] } },
{ "type": "Feature", "properties": { "id": "1f44cf0b-7e9b-4c35-9026-b47d60b4bd85", "names": "{'primary': 'Shivam Sports, warud', 'common': None, 'rules': None}", "basic_category": "sporting_goods_store", "taxonomy": "{'primary': 'sporting_goods_store', 'hierarchy': ['shopping', 'specialty_store', 'sporting_goods_store'], 'alternates': None}", "confidence": 0.57093745470046997, "addresses": [ { "freeform": "Kathiwale complex, Approach Rd, near Union bank", "locality": "Warud", "postcode": "444906", "region": "MH", "country": "IN" } ], "phones": [ "+919021072280" ], "websites": null, "business_name": "Shivam Sports, warud", "category": "sporting_goods_store", "lat": 21.47490744, "lon": 78.26948047, "business_group": "retail", "taxonomy_primary": "sporting_goods_store", "is_competitor": true }, "geometry": { "type": "Point", "coordinates": [ 78.26948047, 21.47490744 ] } },
{ "type": "Feature", "properties": { "id": "95c2f4a9-8224-4407-bb52-ce9bc581bd9b", "names": "{'primary': 'New Ambika Collection', 'common': None, 'rules': None}", "basic_category": "shopping", "taxonomy": "{'primary': 'shopping', 'hierarchy': ['shopping'], 'alternates': None}", "confidence": 0.61338907480239868, "addresses": [ { "freeform": "APROACH ROAD", "locality": "Warud", "postcode": "444906", "region": "MH", "country": "IN" } ], "phones": [ "+919834905506" ], "websites": [ "https://d-ambikacollection938.dotpe.in/" ], "business_name": "New Ambika Collection", "category": "shopping", "lat": 21.474553296721002, "lon": 78.26957, "business_group": "retail", "taxonomy_primary": "shopping", "is_competitor": true }, "geometry": { "type": "Point", "coordinates": [ 78.26957, 21.474553296721002 ] } },
{ "type": "Feature", "properties": { "id": "f81751fa-f34e-47db-9f4d-6c9d3a19178a", "names": "{'primary': 'Belsare Hospital', 'common': None, 'rules': None}", "basic_category": "hospital", "taxonomy": "{'primary': 'hospital', 'hierarchy': ['health_care', 'hospital'], 'alternates': None}", "confidence": 0.54916912317276001, "addresses": [ { "freeform": "Warud Road", "locality": "Warud", "postcode": "444906", "region": "MH", "country": "IN" } ], "phones": null, "websites": null, "business_name": "Belsare Hospital", "category": "hospital", "lat": 21.47445438, "lon": 78.26941779000001, "business_group": "healthcare", "taxonomy_primary": "hospital", "is_competitor": true }, "geometry": { "type": "Point", "coordinates": [ 78.26941779, 21.47445438 ] } },
{ "type": "Feature", "properties": { "id": "93b7e61d-d106-4912-8d69-64c581b9fdb2", "names": "{'primary': 'Dr. Rahul Khanna Hospital Surgical and Laser Center', 'common': None, 'rules': None}", "basic_category": "hospital", "taxonomy": "{'primary': 'hospital', 'hierarchy': ['health_care', 'hospital'], 'alternates': None}", "confidence": 0.92029082775115967, "addresses": [ { "freeform": "First floor kathiwala complex", "locality": "Warud", "postcode": "444906", "region": "MH", "country": "IN" } ], "phones": [ "+919595039458" ], "websites": null, "business_name": "Dr. Rahul Khanna Hospital Surgical and Laser Center", "category": "hospital", "lat": 21.47461624, "lon": 78.2693914, "business_group": "healthcare", "taxonomy_primary": "hospital", "is_competitor": true }, "geometry": { "type": "Point", "coordinates": [ 78.2693914, 21.47461624 ] } },
{ "type": "Feature", "properties": { "id": "ccb73bbd-c2ac-4e46-b942-f67d5aeb8023", "names": "{'primary': 'Glam Studios Warud', 'common': None, 'rules': None}", "basic_category": "personal_or_beauty_service", "taxonomy": "{'primary': 'beauty_salon', 'hierarchy': ['lifestyle_services', 'personal_or_beauty_service', 'beauty_salon'], 'alternates': None}", "confidence": 0.8273320198059082, "addresses": [ { "freeform": "R-2A, 1st floor, CA Tower, Approach Rd, near Arvind Bank", "locality": "Warud", "postcode": "444906", "region": "MH", "country": "IN" } ], "phones": [ "+918010000444" ], "websites": [ "https://www.glamstudios.in/" ], "business_name": "Glam Studios Warud", "category": "beauty_salon", "lat": 21.47449653, "lon": 78.26890326, "business_group": "services", "taxonomy_primary": "beauty_salon", "is_competitor": true }, "geometry": { "type": "Point", "coordinates": [ 78.26890326, 21.47449653 ] } },
{ "type": "Feature", "properties": { "id": "0189110b-ef3c-4f9c-8f7d-c7438e6112c6", "names": "{'primary': 'Lapcare', 'common': None, 'rules': None}", "basic_category": "electronics_store", "taxonomy": "{'primary': 'computer_store', 'hierarchy': ['shopping', 'specialty_store', 'electronics_store', 'computer_store'], 'alternates': None}", "confidence": 0.85, "addresses": [ { "freeform": "Ground Floor, Pandhurna Square City Rd", "locality": "Amravati", "postcode": "444906", "region": "Maharashtra", "country": "IN" } ], "phones": [ "09422155357" ], "websites": [ "https://stores.lapcare.com/lapcare-shree-computers-computer-accessories-shop-pandhurna-square-city-rd-amravati-185843/Home?utm_source=locator&utm_medium=bing" ], "business_name": "Lapcare", "category": "computer_store", "lat": 21.4758821, "lon": 78.2688319, "business_group": "retail", "taxonomy_primary": "computer_store", "is_competitor": true }, "geometry": { "type": "Point", "coordinates": [ 78.2688319, 21.4758821 ] } },
{ "type": "Feature", "properties": { "id": "c1fadf7c-f78a-4647-b0f5-345527cce1fd", "names": "{'primary': 'GMart Warud', 'common': None, 'rules': None}", "basic_category": null, "taxonomy": null, "confidence": 0.71425718069076538, "addresses": [ { "freeform": "mahatma fule ward ", "locality": "Warud", "postcode": "444906", "region": "MH", "country": "IN" } ], "phones": [ "+917229232555" ], "websites": null, "business_name": "GMart Warud", "category": null, "lat": 21.4760456, "lon": 78.2700024, "business_group": "retail", "taxonomy_primary": null, "is_competitor": true }, "geometry": { "type": "Point", "coordinates": [ 78.2700024, 21.4760456 ] } },
{ "type": "Feature", "properties": { "id": "3da07ddf-295f-4324-accc-9574a0f7382a", "names": "{'primary': 'Chakradhar Restaurant', 'common': None, 'rules': None}", "basic_category": "restaurant", "taxonomy": "{'primary': 'restaurant', 'hierarchy': ['food_and_drink', 'restaurant'], 'alternates': None}", "confidence": 0.64624333381652832, "addresses": [ { "freeform": "Pandhurna Square, MH MSH 10", "locality": "Warud", "postcode": "444906", "region": "MH", "country": "IN" } ], "phones": null, "websites": null, "business_name": "Chakradhar Restaurant", "category": "restaurant", "lat": 21.47665016, "lon": 78.27031984, "business_group": "food_and_grocery", "taxonomy_primary": "restaurant", "is_competitor": true }, "geometry": { "type": "Point", "coordinates": [ 78.27031984, 21.47665016 ] } },
{ "type": "Feature", "properties": { "id": "e4a12fed-dea2-49b7-a11e-187694cf7f74", "names": "{'primary': 'Chetan Cafe', 'common': None, 'rules': None}", "basic_category": "cafe", "taxonomy": "{'primary': 'cafe', 'hierarchy': ['food_and_drink', 'casual_eatery', 'cafe'], 'alternates': None}", "confidence": 0.5241050124168396, "addresses": [ { "freeform": "Warud Road", "locality": "Warud", "postcode": "444906", "region": "MH", "country": "IN" } ], "phones": null, "websites": null, "business_name": "Chetan Cafe", "category": "cafe", "lat": 21.47636249, "lon": 78.26966693, "business_group": "food_and_grocery", "taxonomy_primary": "cafe", "is_competitor": true }, "geometry": { "type": "Point", "coordinates": [ 78.26966693, 21.47636249 ] } },
{ "type": "Feature", "properties": { "id": "bef859ac-3bc2-4f00-92d2-6d65a294261f", "names": "{'primary': 'Trends', 'common': None, 'rules': None}", "basic_category": "fashion_and_apparel_store", "taxonomy": "{'primary': 'clothing_store', 'hierarchy': ['shopping', 'fashion_and_apparel_store', 'clothing_store'], 'alternates': None}", "confidence": 0.55331200361251831, "addresses": [ { "freeform": "SHRI KRISHANA PLAZA RELIANCE TRENDS PANDHURNA ROAD WEST DISTRICT AMRAVATI NEAR PANDHURNA CHOCK", "locality": "Warud", "postcode": "444906", "region": "MH", "country": "IN" } ], "phones": [ "+919096675801" ], "websites": [ "https://reliancetrends.com/" ], "business_name": "Trends", "category": "clothing_store", "lat": 21.47712366, "lon": 78.2688499, "business_group": "retail", "taxonomy_primary": "clothing_store", "is_competitor": true }, "geometry": { "type": "Point", "coordinates": [ 78.2688499, 21.47712366 ] } },
{ "type": "Feature", "properties": { "id": "b15bd5dd-aca8-4655-9f8e-1ce30940d69a", "names": "{'primary': 'dr.manohar ande hospital', 'common': None, 'rules': None}", "basic_category": "hospital", "taxonomy": "{'primary': 'hospital', 'hierarchy': ['health_care', 'hospital'], 'alternates': None}", "confidence": 0.56766873598098755, "addresses": [ { "freeform": "Warud Road", "locality": "Warud", "postcode": "444907", "region": "MH", "country": "IN" } ], "phones": null, "websites": null, "business_name": "dr.manohar ande hospital", "category": "hospital", "lat": 21.47799766, "lon": 78.26902862, "business_group": "healthcare", "taxonomy_primary": "hospital", "is_competitor": true }, "geometry": { "type": "Point", "coordinates": [ 78.26902862, 21.47799766 ] } },
{ "type": "Feature", "properties": { "id": "d449089f-88d2-4b74-b0ab-59baed87ad9d", "names": "{'primary': 'Kashikar hospital', 'common': None, 'rules': None}", "basic_category": "hospital", "taxonomy": "{'primary': 'hospital', 'hierarchy': ['health_care', 'hospital'], 'alternates': None}", "confidence": 0.52597421407699585, "addresses": [ { "freeform": "", "locality": "Warud", "postcode": "444906", "region": "MH", "country": "IN" } ], "phones": [ "+919623394594" ], "websites": null, "business_name": "Kashikar hospital", "category": "hospital", "lat": 21.4788468, "lon": 78.26923602, "business_group": "healthcare", "taxonomy_primary": "hospital", "is_competitor": true }, "geometry": { "type": "Point", "coordinates": [ 78.26923602, 21.4788468 ] } },
{ "type": "Feature", "properties": { "id": "21fab08a-0310-4492-ba1a-3f050d799862", "names": "{'primary': 'Aim Academy Warud', 'common': None, 'rules': None}", "basic_category": "tutoring_service", "taxonomy": "{'primary': 'tutoring_service', 'hierarchy': ['education', 'educational_service', 'tutoring_service'], 'alternates': None}", "confidence": 0.54544484615325928, "addresses": [ { "freeform": "Warud ", "locality": "Warud", "postcode": "444906", "region": "MH", "country": "IN" } ], "phones": null, "websites": [ "http://www.instagram/trpawan_g" ], "business_name": "Aim Academy Warud", "category": "tutoring_service", "lat": 21.47761784, "lon": 78.26984068, "business_group": "services", "taxonomy_primary": "tutoring_service", "is_competitor": true }, "geometry": { "type": "Point", "coordinates": [ 78.26984068, 21.47761784 ] } },
{ "type": "Feature", "properties": { "id": "d5bca959-3fed-406d-a22b-e36d057340b1", "names": "{'primary': 'Exide Care - V.K. Trading Co', 'common': None, 'rules': None}", "basic_category": null, "taxonomy": null, "confidence": 0.9655, "addresses": [ { "freeform": "Shop No 4, Yard No Ext 3, Transport Nagar", "locality": "Jammu", "postcode": "180004", "region": "", "country": "IN" } ], "phones": [ "08069761702" ], "websites": [ "https://stores.exidecare.com/exide-care-v-k-trading-co-battery-store-transport-nagar-jammu-271362/Home?utm_source=locator&utm_medium=bing" ], "business_name": "Exide Care - V.K. Trading Co", "category": null, "lat": 21.4762801, "lon": 78.271684, "business_group": "automotive", "taxonomy_primary": null, "is_competitor": true }, "geometry": { "type": "Point", "coordinates": [ 78.271684, 21.4762801 ] } },
{ "type": "Feature", "properties": { "id": "934c0d2f-5609-454b-a228-3cb8e1b0bc5c", "names": "{'primary': 'Exide Care - Amar Auto Electric Works', 'common': None, 'rules': None}", "basic_category": "electronics_store", "taxonomy": "{'primary': 'electronics_store', 'hierarchy': ['shopping', 'specialty_store', 'electronics_store'], 'alternates': None}", "confidence": 0.77, "addresses": [ { "freeform": "Ground Floor", "locality": "Firozpur", "postcode": "142052", "region": "Punjab", "country": "IN" } ], "phones": [ "080 6935 1909" ], "websites": [ "https://stores.exidecare.com/exide-care-amar-auto-electric-works-battery-store-talwandi-road-firozpur-255100/Home" ], "business_name": "Exide Care - Amar Auto Electric Works", "category": "electronics_store", "lat": 21.4762796, "lon": 78.2716835, "business_group": "retail", "taxonomy_primary": "electronics_store", "is_competitor": true }, "geometry": { "type": "Point", "coordinates": [ 78.2716835, 21.4762796 ] } },
{ "type": "Feature", "properties": { "id": "b5d39146-f52d-47f5-bb76-e7703dbc4bad", "names": "{'primary': 'Trimurti Lodge', 'common': None, 'rules': None}", "basic_category": "lodging", "taxonomy": "{'primary': 'lodge', 'hierarchy': ['lodging', 'lodge'], 'alternates': None}", "confidence": 0.73192501068115234, "addresses": [ { "freeform": "Pandhurna Road, MH MSH 10", "locality": "Warud", "postcode": "444906", "region": "MH", "country": "IN" } ], "phones": [ "+919421826833" ], "websites": null, "business_name": "Trimurti Lodge", "category": "lodge", "lat": 21.47661959, "lon": 78.27130669, "business_group": "hospitality", "taxonomy_primary": "lodge", "is_competitor": true }, "geometry": { "type": "Point", "coordinates": [ 78.27130669, 21.47661959 ] } },
{ "type": "Feature", "properties": { "id": "917ffeb2-fb13-4a55-ab96-9f17c2ee8747", "names": "{'primary': 'Jahanaganj Sri Ram Rastiya Inter College', 'common': None, 'rules': None}", "basic_category": "college_university", "taxonomy": "{'primary': 'college_university', 'hierarchy': ['education', 'place_of_learning', 'college_university'], 'alternates': None}", "confidence": 0.54937988519668579, "addresses": "[{'freeform': '    ', 'locality': 'Warud', 'postcode': None, 'region': 'MH', 'country': 'IN'}]", "phones": null, "websites": null, "business_name": "Jahanaganj Sri Ram Rastiya Inter College", "category": "college_university", "lat": 21.4764956, "lon": 78.2713905, "business_group": "education", "taxonomy_primary": "college_university", "is_competitor": true }, "geometry": { "type": "Point", "coordinates": [ 78.2713905, 21.4764956 ] } },
{ "type": "Feature", "properties": { "id": "c7a78b5e-2f5d-45ff-a5e3-bf4ba703fb3e", "names": "{'primary': 'Exide Care - Anand Motors', 'common': None, 'rules': None}", "basic_category": "manufacturer", "taxonomy": "{'primary': 'industrial_equipment_manufacturer', 'hierarchy': ['services_and_business', 'b2b_service', 'manufacturer', 'machinery_and_tool_manufacturer', 'industrial_equipment_manufacturer'], 'alternates': None}", "confidence": 0.9655, "addresses": [ { "freeform": "Patiala Road", "locality": "Narwana", "postcode": "126116", "region": "Haryana", "country": "IN" } ], "phones": [ "08879633173" ], "websites": [ "https://stores.exidecare.com/exide-care-anand-motors-battery-store-narwana-narwana-255134/Home?utm_source=locator&utm_medium=bing" ], "business_name": "Exide Care - Anand Motors", "category": "industrial_equipment_manufacturer", "lat": 21.4760001, "lon": 78.271001, "business_group": "automotive", "taxonomy_primary": "industrial_equipment_manufacturer", "is_competitor": true }, "geometry": { "type": "Point", "coordinates": [ 78.271001, 21.4760001 ] } },
{ "type": "Feature", "properties": { "id": "5857b732-52ab-4705-a052-ace1a32b0098", "names": "{'primary': 'HDFC Bank ATM', 'common': None, 'rules': None}", "basic_category": "atm", "taxonomy": "{'primary': 'atm', 'hierarchy': ['services_and_business', 'financial_service', 'atm'], 'alternates': None}", "confidence": 0.85, "addresses": [ { "freeform": "Shop No 5, Plot No 272, Londe Complex, Ward No 1, Multai Chowk, Warud", "locality": "Amravati", "postcode": "444906", "region": "Maharashtra", "country": "IN" } ], "phones": [ "09426792001" ], "websites": [ "https://near-me.hdfcbank.com/branch-atm-locator/hdfc-bank-atm-multai-chowk-warud-atm-warud-amravati-293102/Home?utm_source=locator&utm_medium=bing" ], "business_name": "HDFC Bank ATM", "category": "atm", "lat": 21.4754568, "lon": 78.2705953, "business_group": "finance", "taxonomy_primary": "atm", "is_competitor": true }, "geometry": { "type": "Point", "coordinates": [ 78.2705953, 21.4754568 ] } },
{ "type": "Feature", "properties": { "id": "2ced06ae-62bb-4a33-947f-533101c2b3f8", "names": "{'primary': 'Saraswati Coaching Classes  - सरस्वती कोचिंग क्लासेस', 'common': None, 'rules': None}", "basic_category": "educational_service", "taxonomy": "{'primary': 'educational_service', 'hierarchy': ['education', 'educational_service'], 'alternates': None}", "confidence": 0.85042738914489746, "addresses": [ { "freeform": "Near Havells Gallery, Ring Road, Warud", "locality": "Warud", "postcode": "444906", "region": "MH", "country": "IN" } ], "phones": [ "+919767375777" ], "websites": null, "business_name": "Saraswati Coaching Classes  - सरस्वती कोचिंग क्लासेस", "category": "educational_service", "lat": 21.475254758815002, "lon": 78.273128718137997, "business_group": "education", "taxonomy_primary": "educational_service", "is_competitor": true }, "geometry": { "type": "Point", "coordinates": [ 78.273128718137997, 21.475254758815002 ] } },
{ "type": "Feature", "properties": { "id": "6699e9a8-a2f2-4bc3-a9a8-bae814019bde", "names": "{'primary': 'Dr.Kohale Homeopathy', 'common': None, 'rules': None}", "basic_category": "diagnostics_imaging_or_lab_service", "taxonomy": "{'primary': 'doctors_office', 'hierarchy': ['health_care', 'outpatient_care_facility', 'diagnostics_imaging_or_lab_service', 'doctors_office'], 'alternates': None}", "confidence": 0.58647286891937256, "addresses": [ { "freeform": "यूनियन बैंक ऑफ इंडिया जवळ वरुड ", "locality": "Warud", "postcode": "444906", "region": "MH", "country": "IN" } ], "phones": [ "+919561596017" ], "websites": [ "https://drkohalehomoeopathy.com/" ], "business_name": "Dr.Kohale Homeopathy", "category": "doctors_office", "lat": 21.476338018227999, "lon": 78.272480964661, "business_group": "healthcare", "taxonomy_primary": "doctors_office", "is_competitor": true }, "geometry": { "type": "Point", "coordinates": [ 78.272480964661, 21.476338018227999 ] } },
{ "type": "Feature", "properties": { "id": "bf1cbc2d-8890-46df-9ce7-469652b25729", "names": "{'primary': 'Hotel Sagar and Wine Bar', 'common': None, 'rules': None}", "basic_category": "hotel", "taxonomy": "{'primary': 'hotel', 'hierarchy': ['lodging', 'hotel'], 'alternates': None}", "confidence": 0.71917074918746948, "addresses": [ { "freeform": "Giants Chowk, Pandhurna Bypass Rd", "locality": "Warud", "postcode": "444906", "region": "MH", "country": "IN" } ], "phones": [ "+919130536638" ], "websites": null, "business_name": "Hotel Sagar and Wine Bar", "category": "hotel", "lat": 21.47679544, "lon": 78.2730728, "business_group": "hospitality", "taxonomy_primary": "hotel", "is_competitor": true }, "geometry": { "type": "Point", "coordinates": [ 78.2730728, 21.47679544 ] } },
{ "type": "Feature", "properties": { "id": "c872bc17-2c4c-465c-b21c-a72da372171a", "names": "{'primary': 'New Gayatri Book Depo', 'common': None, 'rules': None}", "basic_category": "shopping", "taxonomy": "{'primary': 'shopping', 'hierarchy': ['shopping'], 'alternates': None}", "confidence": 0.55454552173614502, "addresses": [ { "freeform": "Shop No 1, Pusla Rd", "locality": "Warud", "postcode": "444906", "region": "MH", "country": "IN" } ], "phones": [ "+918999201687" ], "websites": [ "http://Www.newGayatribookdepo.com/" ], "business_name": "New Gayatri Book Depo", "category": "shopping", "lat": 21.47692189, "lon": 78.27340428, "business_group": "retail", "taxonomy_primary": "shopping", "is_competitor": true }, "geometry": { "type": "Point", "coordinates": [ 78.27340428, 21.47692189 ] } },
{ "type": "Feature", "properties": { "id": "cda25218-e84f-4921-8505-40cff03b8dce", "names": "{'primary': 'Axis Bank ATM', 'common': None, 'rules': None}", "basic_category": "atm", "taxonomy": "{'primary': 'atm', 'hierarchy': ['services_and_business', 'financial_service', 'atm'], 'alternates': None}", "confidence": 1.0, "addresses": [ { "freeform": "Ground Floor, Giants Chowk", "locality": "Amravati", "postcode": "444906", "region": "MH", "country": "IN" } ], "phones": [ "+9118605005555" ], "websites": [ "https://www.axisbank.com/" ], "business_name": "Axis Bank ATM", "category": "atm", "lat": 21.476972, "lon": 78.273421, "business_group": "finance", "taxonomy_primary": "atm", "is_competitor": true }, "geometry": { "type": "Point", "coordinates": [ 78.273421, 21.476972 ] } },
{ "type": "Feature", "properties": { "id": "5abbd5ff-b0e8-4979-8aad-795764fd34c2", "names": "{'primary': 'Shree Yashwant Hospital and Netralaya Warud', 'common': None, 'rules': None}", "basic_category": "hospital", "taxonomy": "{'primary': 'hospital', 'hierarchy': ['health_care', 'hospital'], 'alternates': None}", "confidence": 0.87031584978103638, "addresses": [ { "freeform": "Pandhurna square, Near NTR Convent ", "locality": "Warud", "postcode": "<<not-applicable>>", "region": "MH", "country": "IN" } ], "phones": null, "websites": [ "https://shree-yashwant-hospital-and-netralaya-warud.business.site/" ], "business_name": "Shree Yashwant Hospital and Netralaya Warud", "category": "hospital", "lat": 21.475647299925999, "lon": 78.27481, "business_group": "healthcare", "taxonomy_primary": "hospital", "is_competitor": true }, "geometry": { "type": "Point", "coordinates": [ 78.27481, 21.475647299925999 ] } },
{ "type": "Feature", "properties": { "id": "cc8c72ea-3e69-4392-825f-58da9022c0ae", "names": "{'primary': 'Asha Hospital', 'common': None, 'rules': None}", "basic_category": "hospital", "taxonomy": "{'primary': 'hospital', 'hierarchy': ['health_care', 'hospital'], 'alternates': None}", "confidence": 0.97612929344177246, "addresses": [ { "freeform": "Gadgebaba Colony, Warud - Multai Rd", "locality": "Warud", "postcode": "444906", "region": "MH", "country": "IN" } ], "phones": [ "+918459389349" ], "websites": [ "http://www.ashahospitalwarud.com/" ], "business_name": "Asha Hospital", "category": "hospital", "lat": 21.48150138, "lon": 78.26717547, "business_group": "healthcare", "taxonomy_primary": "hospital", "is_competitor": true }, "geometry": { "type": "Point", "coordinates": [ 78.26717547, 21.48150138 ] } },
{ "type": "Feature", "properties": { "id": "ca99bdcd-ef2d-4740-8ee3-ac7c7fc0428b", "names": "{'primary': 'Maruti Suzuki Arena', 'common': None, 'rules': None}", "basic_category": "auto_dealer", "taxonomy": "{'primary': 'auto_dealer', 'hierarchy': ['shopping', 'vehicle_dealer', 'auto_dealer'], 'alternates': None}", "confidence": 0.98801010847091675, "addresses": [ { "freeform": "P. NO. 60, Warud - Multai Rd, near Gurudwara", "locality": "Warud", "postcode": "444906", "region": "MH", "country": "IN" } ], "phones": [ "+918071647179" ], "websites": [ "http://arenaofwarudmultairoad.com/" ], "business_name": "Maruti Suzuki Arena", "category": "auto_dealer", "lat": 21.48232496, "lon": 78.26742998, "business_group": "automotive", "taxonomy_primary": "auto_dealer", "is_competitor": true }, "geometry": { "type": "Point", "coordinates": [ 78.26742998, 21.48232496 ] } },
{ "type": "Feature", "properties": { "id": "cf46f119-f798-4eb0-aa30-00a9d8e80e57", "names": "{'primary': 'Prasanna Bar and Restaurant', 'common': None, 'rules': None}", "basic_category": "restaurant", "taxonomy": "{'primary': 'restaurant', 'hierarchy': ['food_and_drink', 'restaurant'], 'alternates': None}", "confidence": 0.53354692459106445, "addresses": [ { "freeform": "Warud Road", "locality": "Warud", "postcode": "444906", "region": "MH", "country": "IN" } ], "phones": null, "websites": null, "business_name": "Prasanna Bar and Restaurant", "category": "restaurant", "lat": 21.47772875, "lon": 78.26760968000001, "business_group": "food_and_grocery", "taxonomy_primary": "restaurant", "is_competitor": true }, "geometry": { "type": "Point", "coordinates": [ 78.26760968, 21.47772875 ] } },
{ "type": "Feature", "properties": { "id": "15cc01c1-2b23-46e3-9a2a-6a2e7ce2efd8", "names": "{'primary': 'Samsung Experience Store - Prabhagaurav Electrical & Electronices - Warud', 'common': None, 'rules': None}", "basic_category": "electronics_store", "taxonomy": "{'primary': 'mobile_phone_store', 'hierarchy': ['shopping', 'specialty_store', 'electronics_store', 'mobile_phone_store'], 'alternates': None}", "confidence": 0.77, "addresses": [ { "freeform": "Shri Krishna Plaza,Pandhurna Chowk", "locality": "Amravati", "postcode": "444906", "region": "Maharashtra", "country": "IN" } ], "phones": [ "077099 54076" ], "websites": [ "https://www.samsungexclusivestores.in/samsung-experience-store-prabhagaurav-electrical-electronices-warud-mobile-phone-shop-warud-amravati-327294/Home" ], "business_name": "Samsung Experience Store - Prabhagaurav Electrical & Electronices - Warud", "category": "mobile_phone_store", "lat": 21.477014, "lon": 78.268425, "business_group": "retail", "taxonomy_primary": "mobile_phone_store", "is_competitor": true }, "geometry": { "type": "Point", "coordinates": [ 78.268425, 21.477014 ] } },
{ "type": "Feature", "properties": { "id": "2d36f68d-e331-4925-ba88-65f0f438ade3", "names": "{'primary': 'Genericart Medicine Store', 'common': None, 'rules': None}", "basic_category": "pharmacy_and_drug_store", "taxonomy": "{'primary': 'pharmacy', 'hierarchy': ['shopping', 'specialty_store', 'pharmacy_and_drug_store', 'pharmacy'], 'alternates': None}", "confidence": 0.77, "addresses": [ { "freeform": "Lokamat Office,Multai Chowk", "locality": "Amravati", "postcode": "444906", "region": "Maharashtra", "country": "IN" } ], "phones": [ "086982 00282" ], "websites": [ "https://franchise.genericartmedicine.com/genericart-medicine-store-warud-sast-aushadhi-seva-generic-medical-store-pharmacy-warud-amravati-312720/Home" ], "business_name": "Genericart Medicine Store", "category": "pharmacy", "lat": 21.4769691, "lon": 78.2681624, "business_group": "healthcare", "taxonomy_primary": "pharmacy", "is_competitor": true }, "geometry": { "type": "Point", "coordinates": [ 78.2681624, 21.4769691 ] } },
{ "type": "Feature", "properties": { "id": "068e4279-ac85-439c-a225-66bf46403dd2", "names": "{'primary': 'Reliable Investment -Warud', 'common': None, 'rules': None}", "basic_category": "financial_service", "taxonomy": "{'primary': 'financial_service', 'hierarchy': ['services_and_business', 'financial_service'], 'alternates': None}", "confidence": 0.60801303386688232, "addresses": [ { "freeform": "RELIABLE INVESTMENT SHREE VINAYAK COMPLEX NEAR  HARI OM TILES WARUD", "locality": "Warud", "postcode": "444906", "region": "MH", "country": "IN" } ], "phones": [ "+917229232131" ], "websites": [ "http://www.angelbroking.com/" ], "business_name": "Reliable Investment -Warud", "category": "financial_service", "lat": 21.4767, "lon": 78.26784, "business_group": "services", "taxonomy_primary": "financial_service", "is_competitor": true }, "geometry": { "type": "Point", "coordinates": [ 78.26784, 21.4767 ] } },
{ "type": "Feature", "properties": { "id": "91abc8ec-335d-425d-b9bf-3add1e1be327", "names": "{'primary': 'Gurukrupa Automobiles warud', 'common': None, 'rules': None}", "basic_category": "automotive_service", "taxonomy": "{'primary': 'automotive_repair', 'hierarchy': ['travel_and_transportation', 'vehicle_service', 'automotive_service', 'automotive_repair'], 'alternates': None}", "confidence": 0.80723303556442261, "addresses": [ { "freeform": "GURUKRUPA BAJAJ RING ROAD PARDI CHOWK WARUD TAH WARUD DIST AMRAVAT MAHARASHTRAI", "locality": "Warud", "postcode": "444906", "region": "MH", "country": "IN" } ], "phones": [ "+919422480332" ], "websites": null, "business_name": "Gurukrupa Automobiles warud", "category": "automotive_repair", "lat": 21.4767, "lon": 78.26784, "business_group": "automotive", "taxonomy_primary": "automotive_repair", "is_competitor": true }, "geometry": { "type": "Point", "coordinates": [ 78.26784, 21.4767 ] } },
{ "type": "Feature", "properties": { "id": "82c29967-7715-40ee-9529-218960512e53", "names": "{'primary': 'Pushpanjali Systems', 'common': None, 'rules': None}", "basic_category": "home_service", "taxonomy": "{'primary': 'home_security', 'hierarchy': ['services_and_business', 'home_service', 'home_security'], 'alternates': None}", "confidence": 0.52232199907302856, "addresses": [ { "freeform": "Mankar Complex Near LIC Office", "locality": "Warud Sub-District", "postcode": "444906", "region": "MH", "country": "IN" } ], "phones": [ "+918888737007" ], "websites": [ "http://www.pushpanjalisystems.co.in/" ], "business_name": "Pushpanjali Systems", "category": "home_security", "lat": 21.4767, "lon": 78.26784, "business_group": "services", "taxonomy_primary": "home_security", "is_competitor": true }, "geometry": { "type": "Point", "coordinates": [ 78.26784, 21.4767 ] } },
{ "type": "Feature", "properties": { "id": "54a39d5f-efc5-4dc7-80af-e00c15d70200", "names": "{'primary': 'Shakuntalai coaching classes', 'common': None, 'rules': None}", "basic_category": "education", "taxonomy": "{'primary': 'education', 'hierarchy': ['education'], 'alternates': None}", "confidence": 0.6429750919342041, "addresses": [ { "freeform": "Rajkamal chawk", "locality": "Warud Sub-District", "postcode": "444907", "region": "MH", "country": "IN" } ], "phones": [ "+919860998011" ], "websites": [ "http://www.saraswationline.in/" ], "business_name": "Shakuntalai coaching classes", "category": "education", "lat": 21.4767, "lon": 78.26784, "business_group": "education", "taxonomy_primary": "education", "is_competitor": true }, "geometry": { "type": "Point", "coordinates": [ 78.26784, 21.4767 ] } },
{ "type": "Feature", "properties": { "id": "c02c48ce-1b60-4b3e-baed-5affdd23ecaf", "names": "{'primary': 'Kanhyya Gems And Jewellers', 'common': None, 'rules': None}", "basic_category": "fashion_and_apparel_store", "taxonomy": "{'primary': 'jewelry_store', 'hierarchy': ['shopping', 'fashion_and_apparel_store', 'jewelry_store'], 'alternates': None}", "confidence": 0.55691587924957275, "addresses": [ { "freeform": "\"KHANDELWAL HOUSE\" MAIN ROAD SARAFA LANE WARUD DISTRICT-AMRAVATI(MS)444906", "locality": "Warud", "postcode": "444906", "region": "MH", "country": "IN" } ], "phones": [ "+918805419913" ], "websites": null, "business_name": "Kanhyya Gems And Jewellers", "category": "jewelry_store", "lat": 21.4767, "lon": 78.26784, "business_group": "retail", "taxonomy_primary": "jewelry_store", "is_competitor": true }, "geometry": { "type": "Point", "coordinates": [ 78.26784, 21.4767 ] } },
{ "type": "Feature", "properties": { "id": "089b9739-8446-4bb2-876a-86bc1d2f1cca", "names": "{'primary': 'Late Shivramji Hiwase College of Education Warud', 'common': None, 'rules': None}", "basic_category": "college_university", "taxonomy": "{'primary': 'college_university', 'hierarchy': ['education', 'place_of_learning', 'college_university'], 'alternates': None}", "confidence": 0.77928632497787476, "addresses": [ { "freeform": "NEAR BUS STAND TEMBHURKHEDA ROAD WARUD", "locality": "Warud", "postcode": "444906", "region": "MH", "country": "IN" } ], "phones": [ "+919923257007" ], "websites": [ "http://hiwsebedcollegewarud.in/" ], "business_name": "Late Shivramji Hiwase College of Education Warud", "category": "college_university", "lat": 21.4766998, "lon": 78.2678375, "business_group": "education", "taxonomy_primary": "college_university", "is_competitor": true }, "geometry": { "type": "Point", "coordinates": [ 78.2678375, 21.4766998 ] } },
{ "type": "Feature", "properties": { "id": "bde85573-8793-426a-a1df-92c82fb91561", "names": "{'primary': 'HOTEL Vrundavan ,warud', 'common': None, 'rules': None}", "basic_category": "hotel", "taxonomy": "{'primary': 'hotel', 'hierarchy': ['lodging', 'hotel'], 'alternates': None}", "confidence": 0.56473863124847412, "addresses": "[{'freeform': 'Amravati road, Warud', 'locality': 'Warud', 'postcode': None, 'region': 'MH', 'country': 'IN'}]", "phones": null, "websites": null, "business_name": "HOTEL Vrundavan ,warud", "category": "hotel", "lat": 21.4766998, "lon": 78.2678375, "business_group": "hospitality", "taxonomy_primary": "hotel", "is_competitor": true }, "geometry": { "type": "Point", "coordinates": [ 78.2678375, 21.4766998 ] } },
{ "type": "Feature", "properties": { "id": "2c13c236-922c-4eb4-9105-dc8d44703ff7", "names": "{'primary': 'Hotel Rimzim', 'common': None, 'rules': None}", "basic_category": "hotel", "taxonomy": "{'primary': 'hotel', 'hierarchy': ['lodging', 'hotel'], 'alternates': None}", "confidence": 0.70108169317245483, "addresses": [ { "freeform": "Morshi road,warud", "locality": "Warud", "postcode": "444906", "region": "MH", "country": "IN" } ], "phones": [ "+917229234030" ], "websites": [ "http://www.hotelrimzim.com/" ], "business_name": "Hotel Rimzim", "category": "hotel", "lat": 21.4767, "lon": 78.26784, "business_group": "hospitality", "taxonomy_primary": "hotel", "is_competitor": true }, "geometry": { "type": "Point", "coordinates": [ 78.26784, 21.4767 ] } },
{ "type": "Feature", "properties": { "id": "201bf11a-bd60-4e02-9f4d-0bc089329bf7", "names": "{'primary': 'Sai Internet Cafe, Warud', 'common': None, 'rules': None}", "basic_category": "cafe", "taxonomy": "{'primary': 'cafe', 'hierarchy': ['food_and_drink', 'casual_eatery', 'cafe'], 'alternates': None}", "confidence": 0.56967711448669434, "addresses": [ { "freeform": "Nagpur Road", "locality": "Warud", "postcode": "444906", "region": "MH", "country": "IN" } ], "phones": [ "+917229233411" ], "websites": [ "http://www.saicomputer.in/" ], "business_name": "Sai Internet Cafe, Warud", "category": "cafe", "lat": 21.4767, "lon": 78.26784, "business_group": "food_and_grocery", "taxonomy_primary": "cafe", "is_competitor": true }, "geometry": { "type": "Point", "coordinates": [ 78.26784, 21.4767 ] } },
{ "type": "Feature", "properties": { "id": "a0df4f30-badf-4237-a92e-52d773c46279", "names": "{'primary': 'Veera mobilee', 'common': None, 'rules': None}", "basic_category": "electronics_store", "taxonomy": "{'primary': 'mobile_phone_store', 'hierarchy': ['shopping', 'specialty_store', 'electronics_store', 'mobile_phone_store'], 'alternates': None}", "confidence": 0.74189537763595581, "addresses": [ { "freeform": "nagr parishad complex warud", "locality": "Warud", "postcode": "444906", "region": "MH", "country": "IN" } ], "phones": [ "+918888422282" ], "websites": null, "business_name": "Veera mobilee", "category": "mobile_phone_store", "lat": 21.47678, "lon": 78.26783, "business_group": "retail", "taxonomy_primary": "mobile_phone_store", "is_competitor": true }, "geometry": { "type": "Point", "coordinates": [ 78.26783, 21.47678 ] } },
{ "type": "Feature", "properties": { "id": "532c79de-df89-4771-86bb-dc55286b4adc", "names": "{'primary': 'जय गुरूदेव कृषी सेवा केंद्र ,वरुड', 'common': None, 'rules': None}", "basic_category": "b2b_service", "taxonomy": "{'primary': 'agriculture', 'hierarchy': ['services_and_business', 'b2b_service', 'b2b_agriculture_service', 'agriculture'], 'alternates': None}", "confidence": 0.59538012742996216, "addresses": [ { "freeform": "Warud, MH, India", "locality": "Warud", "postcode": "444906", "region": "MH", "country": "IN" } ], "phones": [ "+919096368706" ], "websites": [ "https://www.youtube.com/@giteshkeote9703" ], "business_name": "जय गुरूदेव कृषी सेवा केंद्र ,वरुड", "category": "agriculture", "lat": 21.47678, "lon": 78.26783, "business_group": "agriculture", "taxonomy_primary": "agriculture", "is_competitor": true }, "geometry": { "type": "Point", "coordinates": [ 78.26783, 21.47678 ] } },
{ "type": "Feature", "properties": { "id": "ba973d01-2576-4126-b1b1-fd9fe4e07e0a", "names": "{'primary': 'Kheteshwar bikaner Sweet & bakery', 'common': None, 'rules': None}", "basic_category": "casual_eatery", "taxonomy": "{'primary': 'bakery', 'hierarchy': ['food_and_drink', 'casual_eatery', 'bakery'], 'alternates': None}", "confidence": 0.60795074701309204, "addresses": "[{'freeform': None, 'locality': 'Warud', 'postcode': None, 'region': 'MH', 'country': 'IN'}]", "phones": null, "websites": null, "business_name": "Kheteshwar bikaner Sweet & bakery", "category": "bakery", "lat": 21.47678, "lon": 78.26783, "business_group": "food_and_grocery", "taxonomy_primary": "bakery", "is_competitor": true }, "geometry": { "type": "Point", "coordinates": [ 78.26783, 21.47678 ] } },
{ "type": "Feature", "properties": { "id": "46d27218-dfeb-44ad-9a21-39f6e8e00e74", "names": "{'primary': 'Shrihari Clinic', 'common': None, 'rules': None}", "basic_category": "hospital", "taxonomy": "{'primary': 'hospital', 'hierarchy': ['health_care', 'hospital'], 'alternates': None}", "confidence": 0.97017168998718262, "addresses": [ { "freeform": "Near Yawalkar Petrol Pump, Pandhurna Chowk , Warud , Dist Amravati, Maharashtra  ", "locality": "Warud Sub-District", "postcode": "444906", "region": "MH", "country": "IN" } ], "phones": [ "+917020525060" ], "websites": [ "https://www.shrihariclinic.com/" ], "business_name": "Shrihari Clinic", "category": "hospital", "lat": 21.47678, "lon": 78.26783, "business_group": "healthcare", "taxonomy_primary": "hospital", "is_competitor": true }, "geometry": { "type": "Point", "coordinates": [ 78.26783, 21.47678 ] } },
{ "type": "Feature", "properties": { "id": "521990e2-37e2-46d9-ae66-3f8136efda1e", "names": "{'primary': 'Prabha Gaurav Agencies, Warud', 'common': None, 'rules': None}", "basic_category": "technical_service", "taxonomy": "{'primary': 'bike_repair_maintenance', 'hierarchy': ['services_and_business', 'technical_service', 'bike_repair_maintenance'], 'alternates': None}", "confidence": 0.71482193470001221, "addresses": [ { "freeform": "Near police station, Warud , Dist Amravati ", "locality": "Warud", "postcode": "444906", "region": "MH", "country": "IN" } ], "phones": [ "+919421826770" ], "websites": null, "business_name": "Prabha Gaurav Agencies, Warud", "category": "bike_repair_maintenance", "lat": 21.47678, "lon": 78.26783, "business_group": "automotive", "taxonomy_primary": "bike_repair_maintenance", "is_competitor": true }, "geometry": { "type": "Point", "coordinates": [ 78.26783, 21.47678 ] } },
{ "type": "Feature", "properties": { "id": "edaa5411-b14c-4237-9ec6-37ae089d5fc0", "names": "{'primary': 'Aditya TYRES MRF T&S warud', 'common': None, 'rules': None}", "basic_category": "automotive_service", "taxonomy": "{'primary': 'tire_dealer_and_repair', 'hierarchy': ['travel_and_transportation', 'vehicle_service', 'automotive_service', 'automotive_repair', 'tire_dealer_and_repair'], 'alternates': None}", "confidence": 0.52924072742462158, "addresses": [ { "freeform": "MSH-10", "locality": "Warud", "postcode": "444906", "region": "MH", "country": "IN" } ], "phones": [ "+919890919105" ], "websites": null, "business_name": "Aditya TYRES MRF T&S warud", "category": "tire_dealer_and_repair", "lat": 21.47678, "lon": 78.26783, "business_group": "automotive", "taxonomy_primary": "tire_dealer_and_repair", "is_competitor": true }, "geometry": { "type": "Point", "coordinates": [ 78.26783, 21.47678 ] } },
{ "type": "Feature", "properties": { "id": "e69df15a-d8ec-40ec-be7f-5a0c26a092d9", "names": "{'primary': 'PORTO De RAHMS', 'common': None, 'rules': None}", "basic_category": "restaurant", "taxonomy": "{'primary': 'restaurant', 'hierarchy': ['food_and_drink', 'restaurant'], 'alternates': None}", "confidence": 0.54212003946304321, "addresses": [ { "freeform": "Venue:- Near Orange City Behind Bus Stop on the side of river Warud", "locality": "Warud", "postcode": "444906", "region": "MH", "country": "IN" } ], "phones": [ "+918668613863" ], "websites": null, "business_name": "PORTO De RAHMS", "category": "restaurant", "lat": 21.47678, "lon": 78.26783, "business_group": "food_and_grocery", "taxonomy_primary": "restaurant", "is_competitor": true }, "geometry": { "type": "Point", "coordinates": [ 78.26783, 21.47678 ] } },
{ "type": "Feature", "properties": { "id": "8abc9d12-c477-4ecf-b5b0-ec034683d1c1", "names": "{'primary': \"Dr Dahane's Diet and weightloss clinic\", 'common': None, 'rules': None}", "basic_category": "wellness_service", "taxonomy": "{'primary': 'weight_loss_center', 'hierarchy': ['lifestyle_services', 'wellness_service', 'weight_loss_center'], 'alternates': None}", "confidence": 0.64232194423675537, "addresses": [ { "freeform": "Dr Dahane's Diet and weightloss clinic ,near Bank of India,approach road warud", "locality": "Warud", "postcode": "444906", "region": "MH", "country": "IN" } ], "phones": [ "+919766479986" ], "websites": null, "business_name": "Dr Dahane's Diet and weightloss clinic", "category": "weight_loss_center", "lat": 21.47678, "lon": 78.26783, "business_group": "services", "taxonomy_primary": "weight_loss_center", "is_competitor": true }, "geometry": { "type": "Point", "coordinates": [ 78.26783, 21.47678 ] } },
{ "type": "Feature", "properties": { "id": "b6e31a40-c404-4937-8f5b-784e1822f0d0", "names": "{'primary': 'New Orange City Convent', 'common': None, 'rules': None}", "basic_category": "place_of_learning", "taxonomy": "{'primary': 'school', 'hierarchy': ['education', 'place_of_learning', 'school'], 'alternates': None}", "confidence": 0.94076734781265259, "addresses": [ { "freeform": "Near S. T. Stand, Amravati Road, Warud", "locality": "Warud", "postcode": "444906", "region": "MH", "country": "IN" } ], "phones": [ "+917229232991" ], "websites": [ "http://www.noccwarud.com/" ], "business_name": "New Orange City Convent", "category": "school", "lat": 21.47678, "lon": 78.26783, "business_group": "education", "taxonomy_primary": "school", "is_competitor": true }, "geometry": { "type": "Point", "coordinates": [ 78.26783, 21.47678 ] } },
{ "type": "Feature", "properties": { "id": "1eab7a9b-c25e-4cb0-97e5-41540e972f02", "names": "{'primary': 'Taro Pumps - Sanjay Electricals', 'common': None, 'rules': None}", "basic_category": null, "taxonomy": null, "confidence": 0.60393989086151123, "addresses": [ { "freeform": "No.01,", "locality": "Warud", "postcode": "444906", "region": "MH", "country": "IN" } ], "phones": [ "+919422857063" ], "websites": [ "http://www.taropumps.com/locations/maharashtra/amravati/sanjayelectricals" ], "business_name": "Taro Pumps - Sanjay Electricals", "category": null, "lat": 21.47678, "lon": 78.26783, "business_group": "agriculture", "taxonomy_primary": null, "is_competitor": true }, "geometry": { "type": "Point", "coordinates": [ 78.26783, 21.47678 ] } },
{ "type": "Feature", "properties": { "id": "b270f34a-9400-43ec-aa12-cbdc4ed72cbe", "names": "{'primary': 'Axis Bank', 'common': None, 'rules': None}", "basic_category": "bank_or_credit_union", "taxonomy": "{'primary': 'bank', 'hierarchy': ['services_and_business', 'financial_service', 'bank_or_credit_union', 'bank'], 'alternates': None}", "confidence": 0.77, "addresses": [ { "freeform": "Ground Floor, Warud, Giants Chowk, Besides Gayatri Book Depot", "locality": "Amravati", "postcode": "444906", "region": "Maharashtra", "country": "IN" } ], "phones": [ "1860 419 5555" ], "websites": [ "https://branch.axisbank.com/axis-bank-warud-bank-branch-amravati-maharashtra-40834/Home" ], "business_name": "Axis Bank", "category": "bank", "lat": 21.476770401001001, "lon": 78.26782989502, "business_group": "finance", "taxonomy_primary": "bank", "is_competitor": true }, "geometry": { "type": "Point", "coordinates": [ 78.26782989502, 21.476770401001001 ] } },
{ "type": "Feature", "properties": { "id": "535c7b18-4e33-4d12-97c3-48cc650fbbb5", "names": "{'primary': 'Tata Motors Cars', 'common': None, 'rules': None}", "basic_category": "auto_dealer", "taxonomy": "{'primary': 'auto_dealer', 'hierarchy': ['shopping', 'vehicle_dealer', 'auto_dealer'], 'alternates': None}", "confidence": 0.71906214952468872, "addresses": [ { "freeform": "Indira Chowk, Rajura Road, Warud", "locality": "Warud", "postcode": "444906", "region": "MH", "country": "IN" } ], "phones": [ "+918291599685" ], "websites": [ "https://dealer-locator.cars.tatamotors.com/tata-motors-cars-showroom-jaika-motors-warud-car-dealer-warud-amravati-147780/Home?utm_source=locator&utm_medium=facebook" ], "business_name": "Tata Motors Cars", "category": "auto_dealer", "lat": 21.47678, "lon": 78.26783, "business_group": "automotive", "taxonomy_primary": "auto_dealer", "is_competitor": true }, "geometry": { "type": "Point", "coordinates": [ 78.26783, 21.47678 ] } },
{ "type": "Feature", "properties": { "id": "aa7b918d-50a9-4cab-89e5-d8d64a47b4d9", "names": "{'primary': 'C K AGRI CLINIc', 'common': None, 'rules': None}", "basic_category": "agricultural_service", "taxonomy": "{'primary': 'agricultural_service', 'hierarchy': ['services_and_business', 'agricultural_service'], 'alternates': None}", "confidence": 0.6296502947807312, "addresses": [ { "freeform": "police Station Road ", "locality": "Warud", "postcode": "444906", "region": "MH", "country": "IN" } ], "phones": [ "+917229232091" ], "websites": [ "http://www.ckagriclinic.com/" ], "business_name": "C K AGRI CLINIc", "category": "agricultural_service", "lat": 21.47678, "lon": 78.26783, "business_group": "agriculture", "taxonomy_primary": "agricultural_service", "is_competitor": true }, "geometry": { "type": "Point", "coordinates": [ 78.26783, 21.47678 ] } },
{ "type": "Feature", "properties": { "id": "4d141576-a5ba-4fe3-85c9-cb8a686125f7", "names": "{'primary': 'Kids & Needs', 'common': None, 'rules': None}", "basic_category": "toys_and_games_store", "taxonomy": "{'primary': 'toy_store', 'hierarchy': ['shopping', 'specialty_store', 'toys_and_games_store', 'toy_store'], 'alternates': None}", "confidence": 0.8414313793182373, "addresses": "[{'freeform': None, 'locality': 'Warud', 'postcode': None, 'region': 'MH', 'country': 'IN'}]", "phones": [ "+919730068290" ], "websites": [ "http://www.kidsandneeds.in/" ], "business_name": "Kids & Needs", "category": "toy_store", "lat": 21.47678, "lon": 78.26783, "business_group": "retail", "taxonomy_primary": "toy_store", "is_competitor": true }, "geometry": { "type": "Point", "coordinates": [ 78.26783, 21.47678 ] } },
{ "type": "Feature", "properties": { "id": "ea2e6c51-4797-4884-89c2-110ccb2c3040", "names": "{'primary': 'grampanchayat dhanodi', 'common': None, 'rules': None}", "basic_category": "community_and_government", "taxonomy": "{'primary': 'community_and_government', 'hierarchy': ['community_and_government'], 'alternates': None}", "confidence": 0.58783483505249023, "addresses": [ { "freeform": "1", "locality": "Warud", "postcode": "444906", "region": "MH", "country": "IN" } ], "phones": [ "+919359894268" ], "websites": null, "business_name": "grampanchayat dhanodi", "category": "community_and_government", "lat": 21.47696632052336, "lon": 78.267817928511533, "business_group": "government_community", "taxonomy_primary": "community_and_government", "is_competitor": true }, "geometry": { "type": "Point", "coordinates": [ 78.267817928511533, 21.47696632052336 ] } },
{ "type": "Feature", "properties": { "id": "97d0b7af-26c5-485b-a14e-5f1bbedc3a0a", "names": "{'primary': 'Shree Krishna Refreshment', 'common': None, 'rules': None}", "basic_category": "restaurant", "taxonomy": "{'primary': 'indian_restaurant', 'hierarchy': ['food_and_drink', 'restaurant', 'asian_restaurant', 'south_asian_restaurant', 'indian_restaurant'], 'alternates': None}", "confidence": 0.59831607341766357, "addresses": [ { "freeform": "Multai Rd", "locality": "Warud", "postcode": "444906", "region": "MH", "country": "IN" } ], "phones": [ "+918482863877" ], "websites": null, "business_name": "Shree Krishna Refreshment", "category": "indian_restaurant", "lat": 21.47715167, "lon": 78.26738153, "business_group": "food_and_grocery", "taxonomy_primary": "indian_restaurant", "is_competitor": true }, "geometry": { "type": "Point", "coordinates": [ 78.26738153, 21.47715167 ] } },
{ "type": "Feature", "properties": { "id": "08a206f9-ff6d-4375-874f-41510361d9e6", "names": "{'primary': 'SBI Life Insurance Co', 'common': None, 'rules': None}", "basic_category": "financial_service", "taxonomy": "{'primary': 'life_insurance', 'hierarchy': ['services_and_business', 'financial_service', 'insurance_agency', 'life_insurance'], 'alternates': None}", "confidence": 0.85, "addresses": [ { "freeform": "1st Floor, Bhagyalaxmi, Police Station Road, Mahatma Phule Chowk", "locality": "Amravati", "postcode": "444906", "region": "Maharashtra", "country": "IN" } ], "phones": [ "18002679090" ], "websites": [ "https://branches.sbilife.co.in/sbi-life-insurance-co-ltd-insurance-company-mahatma-phule-chowk-amravati-202027/Home?utm_source=locator&utm_medium=bing" ], "business_name": "SBI Life Insurance Co", "category": "life_insurance", "lat": 21.478961, "lon": 78.261411, "business_group": "finance", "taxonomy_primary": "life_insurance", "is_competitor": true }, "geometry": { "type": "Point", "coordinates": [ 78.261411, 21.478961 ] } },
{ "type": "Feature", "properties": { "id": "3cddeba9-05e6-4790-80e5-541b4be78e6e", "names": "{'primary': 'SMFG India Credit Co. Limited - Warud (Branch)', 'common': None, 'rules': None}", "basic_category": null, "taxonomy": null, "confidence": 0.85, "addresses": [ { "freeform": "Survey No 495, Ground & 1st Floor, Krishna Arpan Colony, Warud", "locality": "Amravati", "postcode": "444906", "region": "Maharashtra", "country": "IN" } ], "phones": [ "18001036001" ], "websites": [ "https://www.singleinterface.com/storepages/smfg-india-credit-co-ltd-warud-branch-financial-institutions-warud-amravati-435382?utm_source=locator&utm_medium=bing" ], "business_name": "SMFG India Credit Co. Limited - Warud (Branch)", "category": null, "lat": 21.477891, "lon": 78.258091, "business_group": "finance", "taxonomy_primary": null, "is_competitor": true }, "geometry": { "type": "Point", "coordinates": [ 78.258091, 21.477891 ] } },
{ "type": "Feature", "properties": { "id": "e06485ff-3701-4ac7-80dd-139cdd9b44cc", "names": "{'primary': 'Gavhankund', 'common': None, 'rules': None}", "basic_category": "hindu_place_of_worship", "taxonomy": "{'primary': 'hindu_place_of_worship', 'hierarchy': ['cultural_and_historic', 'place_of_worship', 'hindu_place_of_worship'], 'alternates': None}", "confidence": 0.84974139928817749, "addresses": [ { "freeform": "Warud", "locality": "Warud", "postcode": "444906", "region": "MH", "country": "IN" } ], "phones": null, "websites": null, "business_name": "Gavhankund", "category": "hindu_place_of_worship", "lat": 21.4681667, "lon": 78.2565986, "business_group": "religious", "taxonomy_primary": "hindu_place_of_worship", "is_competitor": true }, "geometry": { "type": "Point", "coordinates": [ 78.2565986, 21.4681667 ] } },
{ "type": "Feature", "properties": { "id": "3d06caf9-59a5-409a-9277-dab9570eedc5", "names": "{'primary': 'Shri Krupa Family Restaurant', 'common': None, 'rules': None}", "basic_category": "restaurant", "taxonomy": "{'primary': 'restaurant', 'hierarchy': ['food_and_drink', 'restaurant'], 'alternates': None}", "confidence": 0.54126739501953125, "addresses": [ { "freeform": "Pandora road warud TQ - warud Dis -  Amravati", "locality": "Warud", "postcode": "444906", "region": "MH", "country": "IN" } ], "phones": [ "+918600858679" ], "websites": null, "business_name": "Shri Krupa Family Restaurant", "category": "restaurant", "lat": 21.47425, "lon": 78.26095, "business_group": "food_and_grocery", "taxonomy_primary": "restaurant", "is_competitor": true }, "geometry": { "type": "Point", "coordinates": [ 78.26095, 21.47425 ] } },
{ "type": "Feature", "properties": { "id": "bfb539f6-843a-448c-bdd0-f087b808dbed", "names": "{'primary': 'Mauli Tyres Warud', 'common': None, 'rules': None}", "basic_category": "shopping", "taxonomy": "{'primary': 'shopping', 'hierarchy': ['shopping'], 'alternates': None}", "confidence": 0.52174663543701172, "addresses": [ { "freeform": "Opposite to Bus Stand, Amravati Road ", "locality": "Warud", "postcode": "444906", "region": "MH", "country": "IN" } ], "phones": [ "+917387503040" ], "websites": null, "business_name": "Mauli Tyres Warud", "category": "shopping", "lat": 21.47425, "lon": 78.26095, "business_group": "retail", "taxonomy_primary": "shopping", "is_competitor": true }, "geometry": { "type": "Point", "coordinates": [ 78.26095, 21.47425 ] } },
{ "type": "Feature", "properties": { "id": "72e9892e-4ad4-441a-983f-95ca98ba61da", "names": "{'primary': 'KhteshwerBikaner Sweet Mart Warud', 'common': None, 'rules': None}", "basic_category": "hotel", "taxonomy": "{'primary': 'hotel', 'hierarchy': ['lodging', 'hotel'], 'alternates': None}", "confidence": 0.7956235408782959, "addresses": [ { "freeform": "warud ", "locality": "Warud", "postcode": "444906 ", "region": "MH", "country": "IN" } ], "phones": [ "+919860908935" ], "websites": null, "business_name": "KhteshwerBikaner Sweet Mart Warud", "category": "hotel", "lat": 21.4747287, "lon": 78.2609063, "business_group": "hospitality", "taxonomy_primary": "hotel", "is_competitor": true }, "geometry": { "type": "Point", "coordinates": [ 78.2609063, 21.4747287 ] } },
{ "type": "Feature", "properties": { "id": "4af9c9c4-06ec-4ee6-ba44-855474ff9d7f", "names": "{'primary': 'Bus Depot Warud', 'common': None, 'rules': None}", "basic_category": "public_transit_facility_or_service", "taxonomy": "{'primary': 'bus_station', 'hierarchy': ['travel_and_transportation', 'ground_transport_facility_or_service', 'public_transit_facility_or_service', 'bus_station'], 'alternates': None}", "confidence": 0.61427527666091919, "addresses": [ { "freeform": "Amravati, MSH-10, Warud Morshi Road, Warud, Tembhurkheda Rd", "locality": "Warud", "postcode": "444906", "region": "MH", "country": "IN" } ], "phones": null, "websites": null, "business_name": "Bus Depot Warud", "category": "bus_station", "lat": 21.47437684, "lon": 78.26138076, "business_group": "services", "taxonomy_primary": "bus_station", "is_competitor": true }, "geometry": { "type": "Point", "coordinates": [ 78.26138076, 21.47437684 ] } },
{ "type": "Feature", "properties": { "id": "90bcddb8-d0fb-4baf-84ca-77f3c874e967", "names": "{'primary': 'Shri Kheteswar Bikaner Sweet Mart', 'common': None, 'rules': None}", "basic_category": "hotel", "taxonomy": "{'primary': 'hotel', 'hierarchy': ['lodging', 'hotel'], 'alternates': None}", "confidence": 0.55685257911682129, "addresses": [ { "freeform": "kheteshwar Bikaner sweets Warud", "locality": "Warud", "postcode": "444906", "region": "MH", "country": "IN" } ], "phones": [ "+918788852535" ], "websites": null, "business_name": "Shri Kheteswar Bikaner Sweet Mart", "category": "hotel", "lat": 21.474, "lon": 78.26079, "business_group": "hospitality", "taxonomy_primary": "hotel", "is_competitor": true }, "geometry": { "type": "Point", "coordinates": [ 78.26079, 21.474 ] } },
{ "type": "Feature", "properties": { "id": "ff5ae3eb-7310-430b-b2f9-c2a60dce9707", "names": "{'primary': 'Swaraj Tractor - M/S Prasanna Tractors', 'common': None, 'rules': None}", "basic_category": "agricultural_service", "taxonomy": "{'primary': 'agricultural_service', 'hierarchy': ['services_and_business', 'agricultural_service'], 'alternates': None}", "confidence": 0.70605212450027466, "addresses": [ { "freeform": "Amravati Road, Infront of Satpuda Gining, Warud, Near Reliance Petrol Pump", "locality": "Warud", "postcode": "444906", "region": "MH", "country": "IN" } ], "phones": [ "+918037907793" ], "websites": [ "https://dealers.swarajtractors.com/swaraj/tractor-dealer-in-amravati/tractor-dealer-in-warud/swaraj-tractor-ms-prasanna-tractors-in-warud-amravati--2547f7f7-c555-456c-9b74-c40d414884c0/home" ], "business_name": "Swaraj Tractor - M/S Prasanna Tractors", "category": "agricultural_service", "lat": 21.4703, "lon": 78.2596, "business_group": "agriculture", "taxonomy_primary": "agricultural_service", "is_competitor": true }, "geometry": { "type": "Point", "coordinates": [ 78.2596, 21.4703 ] } },
{ "type": "Feature", "properties": { "id": "d4327f17-da93-4dbe-b167-c8d8813c8d74", "names": "{'primary': 'Tawakkal enterprise', 'common': None, 'rules': None}", "basic_category": "hardware_home_and_garden_store", "taxonomy": "{'primary': 'furniture_store', 'hierarchy': ['shopping', 'specialty_store', 'hardware_home_and_garden_store', 'furniture_store'], 'alternates': None}", "confidence": 0.59855353832244873, "addresses": [ { "freeform": "in front off gajanan mandir.santara mandi road warud.", "locality": "Warud", "postcode": "444906", "region": "MH", "country": "IN" } ], "phones": [ "+918888421880" ], "websites": null, "business_name": "Tawakkal enterprise", "category": "furniture_store", "lat": 21.46753, "lon": 78.26008, "business_group": "retail", "taxonomy_primary": "furniture_store", "is_competitor": true }, "geometry": { "type": "Point", "coordinates": [ 78.26008, 21.46753 ] } },
{ "type": "Feature", "properties": { "id": "8bb18898-80ac-4e12-a14d-44318870e5e0", "names": "{'primary': 'Gajanan Maharaj Temple', 'common': None, 'rules': None}", "basic_category": "hindu_place_of_worship", "taxonomy": "{'primary': 'hindu_place_of_worship', 'hierarchy': ['cultural_and_historic', 'place_of_worship', 'hindu_place_of_worship'], 'alternates': None}", "confidence": 0.65710747241973877, "addresses": [ { "freeform": "In Fronr Of Krushi Utpanna Bajar Samiti", "locality": "Warud", "postcode": "444906", "region": "MH", "country": "IN" } ], "phones": null, "websites": null, "business_name": "Gajanan Maharaj Temple", "category": "hindu_place_of_worship", "lat": 21.46755833, "lon": 78.26003473, "business_group": "religious", "taxonomy_primary": "hindu_place_of_worship", "is_competitor": true }, "geometry": { "type": "Point", "coordinates": [ 78.26003473, 21.46755833 ] } },
{ "type": "Feature", "properties": { "id": "1a6b4dfb-5ba0-4da7-9a05-e20a47297252", "names": "{'primary': 'M K M English School', 'common': None, 'rules': None}", "basic_category": "place_of_learning", "taxonomy": "{'primary': 'school', 'hierarchy': ['education', 'place_of_learning', 'school'], 'alternates': None}", "confidence": 0.57074731588363647, "addresses": [ { "freeform": "", "locality": "Warud", "postcode": "444906", "region": "MH", "country": "IN" } ], "phones": null, "websites": null, "business_name": "M K M English School", "category": "school", "lat": 21.46558344, "lon": 78.25616568, "business_group": "education", "taxonomy_primary": "school", "is_competitor": true }, "geometry": { "type": "Point", "coordinates": [ 78.25616568, 21.46558344 ] } },
{ "type": "Feature", "properties": { "id": "6c602627-a45a-4fea-a7cb-6d9ce99912ea", "names": "{'primary': 'Pandit Transport', 'common': None, 'rules': None}", "basic_category": "travel_and_transportation", "taxonomy": "{'primary': 'travel_and_transportation', 'hierarchy': ['travel_and_transportation'], 'alternates': None}", "confidence": 0.55873304605484009, "addresses": [ { "freeform": "Shop No 160", "locality": "Warud", "postcode": "444906", "region": "MH", "country": "IN" } ], "phones": [ "+918999371513" ], "websites": null, "business_name": "Pandit Transport", "category": "travel_and_transportation", "lat": 21.46664869, "lon": 78.25604009, "business_group": "transport", "taxonomy_primary": "travel_and_transportation", "is_competitor": true }, "geometry": { "type": "Point", "coordinates": [ 78.25604009, 21.46664869 ] } },
{ "type": "Feature", "properties": { "id": "e3d2e14e-5b72-463d-b886-1f38b19de545", "names": "{'primary': 'Bank of Maharashtra', 'common': None, 'rules': None}", "basic_category": "bank_or_credit_union", "taxonomy": "{'primary': 'bank_or_credit_union', 'hierarchy': ['services_and_business', 'financial_service', 'bank_or_credit_union'], 'alternates': None}", "confidence": 0.95893222391605382, "addresses": [ { "freeform": "Kale Complex, Warud, Opposite Vijay Talkies", "locality": "Warud", "postcode": "444906", "region": "MH", "country": "IN" } ], "phones": [ "+18002334526" ], "websites": [ "https://branch-atm-locator.bankofmaharashtra.in/bank-of-maharashtra-warud-amravati-public-sector-bank-warud-amravati-100689/Home?utm_source=locator&utm_medium=facebook" ], "business_name": "Bank of Maharashtra", "category": "bank_or_credit_union", "lat": 21.46, "lon": 78.26, "business_group": "finance", "taxonomy_primary": "bank_or_credit_union", "is_competitor": true }, "geometry": { "type": "Point", "coordinates": [ 78.26, 21.46 ] } },
{ "type": "Feature", "properties": { "id": "d35ed016-b83d-4dc9-bf1d-301f0ccb1b4d", "names": "{'primary': 'IndianOil', 'common': None, 'rules': None}", "basic_category": "gas_station", "taxonomy": "{'primary': 'gas_station', 'hierarchy': ['travel_and_transportation', 'fueling_station', 'gas_station'], 'alternates': None}", "confidence": 0.52410119771957397, "addresses": [ { "freeform": "Survey No, 85/1", "locality": "Warud Sub-District", "postcode": "444906", "region": "MH", "country": "IN" } ], "phones": [ "+919619374509" ], "websites": [ "https://locator.iocl.com/indianoil-ajanta-servo-petroleum-services-petrol-pump-warud-amravati-207170/Home?utm_source=locator&utm_medium=facebook" ], "business_name": "IndianOil", "category": "gas_station", "lat": 21.45113034, "lon": 78.30012358, "business_group": "transport", "taxonomy_primary": "gas_station", "is_competitor": true }, "geometry": { "type": "Point", "coordinates": [ 78.30012358, 21.45113034 ] } },
{ "type": "Feature", "properties": { "id": "503c1141-cc5c-4465-9858-d94c4ed3260a", "names": "{'primary': 'P V Sable Jagrut Vidyalay', 'common': None, 'rules': None}", "basic_category": "education", "taxonomy": "{'primary': 'education', 'hierarchy': ['education'], 'alternates': None}", "confidence": 0.54898083209991455, "addresses": [ { "freeform": "", "locality": "Warud Sub-District", "postcode": "444906", "region": "MH", "country": "IN" } ], "phones": null, "websites": null, "business_name": "P V Sable Jagrut Vidyalay", "category": "education", "lat": 21.44543099, "lon": 78.30829741, "business_group": "education", "taxonomy_primary": "education", "is_competitor": true }, "geometry": { "type": "Point", "coordinates": [ 78.30829741, 21.44543099 ] } },
{ "type": "Feature", "properties": { "id": "f9427e2e-d5f1-4a50-add1-00075de171e8", "names": "{'primary': 'Raja Auto Works', 'common': None, 'rules': None}", "basic_category": "automotive_service", "taxonomy": "{'primary': 'automotive_repair', 'hierarchy': ['travel_and_transportation', 'vehicle_service', 'automotive_service', 'automotive_repair'], 'alternates': None}", "confidence": 0.53026837110519409, "addresses": [ { "freeform": "SH-248", "locality": "Warud Sub-District", "postcode": "444906", "region": "MH", "country": "IN" } ], "phones": null, "websites": null, "business_name": "Raja Auto Works", "category": "automotive_repair", "lat": 21.4459, "lon": 78.30553, "business_group": "automotive", "taxonomy_primary": "automotive_repair", "is_competitor": true }, "geometry": { "type": "Point", "coordinates": [ 78.30553, 21.4459 ] } },
{ "type": "Feature", "properties": { "id": "c559d504-8e55-48be-a5b3-343e563651e7", "names": "{'primary': 'Abhishek Motors ,warud', 'common': None, 'rules': None}", "basic_category": "automotive_service", "taxonomy": "{'primary': 'automotive_repair', 'hierarchy': ['travel_and_transportation', 'vehicle_service', 'automotive_service', 'automotive_repair'], 'alternates': None}", "confidence": 0.5301661491394043, "addresses": [ { "freeform": "Ring road,warud\\n", "locality": "Warud Sub-District", "postcode": "444609", "region": "MH", "country": "IN" } ], "phones": [ "+919420075609" ], "websites": null, "business_name": "Abhishek Motors ,warud", "category": "automotive_repair", "lat": 21.44536, "lon": 78.30921, "business_group": "automotive", "taxonomy_primary": "automotive_repair", "is_competitor": true }, "geometry": { "type": "Point", "coordinates": [ 78.30921, 21.44536 ] } },
{ "type": "Feature", "properties": { "id": "ae7a229d-9586-4775-9f7d-ecde844be9d0", "names": "{'primary': 'Pundalik Maharaj Industrial Training Institute Roshankhda, WARUD', 'common': None, 'rules': None}", "basic_category": "college_university", "taxonomy": "{'primary': 'college_university', 'hierarchy': ['education', 'place_of_learning', 'college_university'], 'alternates': None}", "confidence": 0.66862189769744873, "addresses": [ { "freeform": "At Post Roshankheda, Ta Warud", "locality": "Warud Sub-District", "postcode": "444906", "region": "MH", "country": "IN" } ], "phones": [ "+919766822344" ], "websites": [ "https://ncvtmis.gov.in/pages/iti/detail.aspx?iti=4066" ], "business_name": "Pundalik Maharaj Industrial Training Institute Roshankhda, WARUD", "category": "college_university", "lat": 21.4555817, "lon": 78.2910662, "business_group": "education", "taxonomy_primary": "college_university", "is_competitor": true }, "geometry": { "type": "Point", "coordinates": [ 78.2910662, 21.4555817 ] } },
{ "type": "Feature", "properties": { "id": "294049a3-0368-4946-b283-f72dffde2f13", "names": "{'primary': 'Nature Food Family Restaurant', 'common': None, 'rules': None}", "basic_category": "restaurant", "taxonomy": "{'primary': 'restaurant', 'hierarchy': ['food_and_drink', 'restaurant'], 'alternates': None}", "confidence": 0.69093519449234009, "addresses": [ { "freeform": "Hotel Nature Food , Multai Road , Warud", "locality": "Warud", "postcode": "444 906", "region": "MH", "country": "IN" } ], "phones": null, "websites": null, "business_name": "Nature Food Family Restaurant", "category": "restaurant", "lat": 21.480226703376001, "lon": 78.300590515137003, "business_group": "food_and_grocery", "taxonomy_primary": "restaurant", "is_competitor": true }, "geometry": { "type": "Point", "coordinates": [ 78.300590515137003, 21.480226703376001 ] } },
{ "type": "Feature", "properties": { "id": "e64fc1b5-dd20-49db-bdd8-e4516c4d0a88", "names": "{'primary': 'Dhanodi Grampanchayat', 'common': None, 'rules': None}", "basic_category": "government_office", "taxonomy": "{'primary': 'government_office', 'hierarchy': ['community_and_government', 'government_office'], 'alternates': None}", "confidence": 0.72105824947357178, "addresses": [ { "freeform": "Dhanodi", "locality": "Warud Sub-District", "postcode": "444907", "region": "MH", "country": "IN" } ], "phones": null, "websites": null, "business_name": "Dhanodi Grampanchayat", "category": "government_office", "lat": 21.48300051, "lon": 78.2994537, "business_group": "government_community", "taxonomy_primary": "government_office", "is_competitor": true }, "geometry": { "type": "Point", "coordinates": [ 78.2994537, 21.48300051 ] } }
]
}
