{"type": "FeatureCollection", "features": [
{"id":"bbe4bc24-1a3d-4d40-8ace-be407c8662c8","type":"Feature","geometry":{"type":"Point","coordinates":[78.27743633,21.47581486]},"properties":{"categories":{"primary":"auto_parts_and_supply_store","alternate":["automotive_repair","bar"]},"confidence":0.3194936215877533,"socials":["https://www.facebook.com/606473572895874"],"brand":{"wikidata":null,"names":{"primary":null,"common":null,"rules":null}},"addresses":[{"freeform":"Warud Road","locality":"Warud","postcode":"444906","region":"MH","country":"IN"}],"names":{"primary":"Pintu Motors","common":null,"rules":null},"sources":[{"property":"","dataset":"meta","license":"CDLA-Permissive-2.0","record_id":"606473572895874","update_time":"2026-08-10T00:00:00.000Z","confidence":0.3194936215877533,"between":null,"provider":"meta","resource":"meta","version":"2026-08-10"},{"property":"/properties/confidence","dataset":"Overture","license":"CDLA-Permissive-2.0","record_id":null,"update_time":"2026-08-14T19:46:07Z","confidence":null,"between":null,"provider":"overture","resource":"confidence_calculation","version":"2026-08-14"}],"basic_category":"vehicle_parts_store","taxonomy":{"primary":"auto_parts_store","hierarchy":["shopping","specialty_store","vehicle_parts_store","auto_parts_store"],"alternates":null},"version":11}},
{"id":"2c3391d1-78fa-4a2a-a4ab-f82c12fc56cb","type":"Feature","geometry":{"type":"Point","coordinates":[78.27624035,21.47176319]},"properties":{"categories":{"primary":"educational_services","alternate":["career_counseling","test_preparation"]},"confidence":0.39697158336639404,"socials":["https://www.facebook.com/893333997687424"],"phones":["+919021217363"],"brand":{"wikidata":null,"names":{"primary":null,"common":null,"rules":null}},"addresses":[{"freeform":"Pardi Rd","locality":"Warud","postcode":"444906","region":"MH","country":"IN"}],"names":{"primary":"Thor Guidance Career Point","common":null,"rules":null},"sources":[{"property":"","dataset":"meta","license":"CDLA-Permissive-2.0","record_id":"893333997687424","update_time":"2026-08-10T00:00:00.000Z","confidence":0.39697158336639404,"between":null,"provider":"meta","resource":"meta","version":"2026-08-10"},{"property":"/properties/confidence","dataset":"Overture","license":"CDLA-Permissive-2.0","record_id":null,"update_time":"2026-08-14T19:46:07Z","confidence":null,"between":null,"provider":"overture","resource":"confidence_calculation","version":"2026-08-14"}],"basic_category":"educational_service","taxonomy":{"primary":"educational_service","hierarchy":["education","educational_service"],"alternates":null},"version":10}},
{"id":"62ff2063-969d-4c2c-80e8-d9347a157d0c","type":"Feature","geometry":{"type":"Point","coordinates":[78.276164,21.458721]},"properties":{"categories":{"primary":"train_station","alternate":["transportation"]},"confidence":0.8052399158477783,"socials":["https://www.facebook.com/2044796279081838"],"brand":{"wikidata":null,"names":{"primary":null,"common":null,"rules":null}},"addresses":[{"freeform":null,"locality":"Warud","postcode":null,"region":"MH","country":"IN"}],"names":{"primary":"Warud Orange City railway station","common":null,"rules":null},"sources":[{"property":"","dataset":"meta","license":"CDLA-Permissive-2.0","record_id":"2044796279081838","update_time":"2026-08-10T00:00:00.000Z","confidence":0.8052399158477783,"between":null,"provider":"meta","resource":"meta","version":"2026-08-10"},{"property":"/properties/confidence","dataset":"Overture","license":"CDLA-Permissive-2.0","record_id":null,"update_time":"2026-08-14T19:46:07Z","confidence":null,"between":null,"provider":"overture","resource":"confidence_calculation","version":"2026-08-14"}],"basic_category":"train_station","taxonomy":{"primary":"train_station","hierarchy":["travel_and_transportation","ground_transport_facility_or_service","rail_facility_or_service","train_station"],"alternates":null},"version":1}},
{"id":"6b5cb467-e79f-49a0-b66e-c45c72daee8c","type":"Feature","geometry":{"type":"Point","coordinates":[78.281386,21.466389]},"properties":{"categories":{"primary":"hindu_temple","alternate":null},"confidence":0.5618466138839722,"socials":["https://www.facebook.com/153445861956810"],"brand":{"wikidata":null,"names":{"primary":null,"common":null,"rules":null}},"addresses":[{"freeform":null,"locality":"Warud","postcode":null,"region":"MH","country":"IN"}],"names":{"primary":"Sai Mandir","common":null,"rules":null},"sources":[{"property":"","dataset":"meta","license":"CDLA-Permissive-2.0","record_id":"153445861956810","update_time":"2026-08-10T00:00:00.000Z","confidence":0.5618466138839722,"between":null,"provider":"meta","resource":"meta","version":"2026-08-10"},{"property":"/properties/confidence","dataset":"Overture","license":"CDLA-Permissive-2.0","record_id":null,"update_time":"2026-08-14T19:46:07Z","confidence":null,"between":null,"provider":"overture","resource":"confidence_calculation","version":"2026-08-14"}],"basic_category":"hindu_place_of_worship","taxonomy":{"primary":"hindu_place_of_worship","hierarchy":["cultural_and_historic","place_of_worship","hindu_place_of_worship"],"alternates":null},"version":8}},
{"id":"6ff16c9a-35b7-4a0f-b4e2-47901d117362","type":"Feature","geometry":{"type":"Point","coordinates":[78.27564631,21.46604201]},"properties":{"categories":{"primary":"party_and_event_planning","alternate":null},"confidence":0.6826409101486206,"socials":["https://www.facebook.com/103875957919357"],"phones":["+919156177600"],"brand":{"wikidata":null,"names":{"primary":null,"common":null,"rules":null}},"addresses":[{"freeform":"Amravati, Sh-248, Nagpur Warud Road","locality":"Warud","postcode":"444906","region":"MH","country":"IN"}],"names":{"primary":"Late Shri Marutrao Kherade Sabhagruh and Lawn","common":null,"rules":null},"sources":[{"property":"","dataset":"meta","license":"CDLA-Permissive-2.0","record_id":"103875957919357","update_time":"2026-08-10T00:00:00.000Z","confidence":0.6826409101486206,"between":null,"provider":"meta","resource":"meta","version":"2026-08-10"},{"property":"/properties/confidence","dataset":"Overture","license":"CDLA-Permissive-2.0","record_id":null,"update_time":"2026-08-14T19:46:07Z","confidence":null,"between":null,"provider":"overture","resource":"confidence_calculation","version":"2026-08-14"}],"basic_category":"event_or_party_service","taxonomy":{"primary":"party_and_event_planning","hierarchy":["services_and_business","event_or_party_service","party_and_event_planning"],"alternates":null},"version":3}},
{"id":"49f8e63d-bdb3-4d93-adae-64b467c14402","type":"Feature","geometry":{"type":"Point","coordinates":[78.27242,21.46474]},"properties":{"categories":{"primary":"cafe","alternate":["fast_food_restaurant","restaurant"]},"confidence":0.8119120001792908,"emails":["gulshanhaswani76@gmail.com"],"socials":["https://www.facebook.com/102688291180537"],"phones":["+917020318554"],"brand":{"wikidata":null,"names":{"primary":null,"common":null,"rules":null}},"addresses":[{"freeform":"41 pitreshwar colony near garba ground shirpur","locality":"Shirpur","postcode":"425405","region":"MH","country":"IN"}],"names":{"primary":"House Of Cafe","common":null,"rules":null},"sources":[{"property":"","dataset":"meta","license":"CDLA-Permissive-2.0","record_id":"102688291180537","update_time":"2026-08-10T00:00:00.000Z","confidence":0.8119120001792908,"between":null,"provider":"meta","resource":"meta","version":"2026-08-10"},{"property":"/properties/confidence","dataset":"Overture","license":"CDLA-Permissive-2.0","record_id":null,"update_time":"2026-08-14T19:46:07Z","confidence":null,"between":null,"provider":"overture","resource":"confidence_calculation","version":"2026-08-14"}],"basic_category":"cafe","taxonomy":{"primary":"cafe","hierarchy":["food_and_drink","casual_eatery","cafe"],"alternates":null},"version":8}},
{"id":"01eca5cf-8405-438a-9666-348409c21366","type":"Feature","geometry":{"type":"Point","coordinates":[78.27242,21.46474]},"properties":{"categories":{"primary":"school","alternate":null},"confidence":0.7357314229011536,"websites":["http://www.sssmcollegeofagri.in/"],"emails":["sssmcollegeofagri@gmail.com"],"socials":["https://www.facebook.com/102871262553724"],"phones":["+919766949111"],"brand":{"wikidata":null,"names":{"primary":null,"common":null,"rules":null}},"addresses":[{"freeform":"AT POST PIMPALKHUTA","locality":"Dhamangaon Railway","postcode":"444709","region":"MH","country":"IN"}],"names":{"primary":"श्री संत शंकर महाराज कृषी महाविद्यालय,पिंपळखूटा","common":null,"rules":null},"sources":[{"property":"","dataset":"meta","license":"CDLA-Permissive-2.0","record_id":"102871262553724","update_time":"2026-08-10T00:00:00.000Z","confidence":0.7357314229011536,"between":null,"provider":"meta","resource":"meta","version":"2026-08-10"},{"property":"/properties/confidence","dataset":"Overture","license":"CDLA-Permissive-2.0","record_id":null,"update_time":"2026-08-14T19:46:07Z","confidence":null,"between":null,"provider":"overture","resource":"confidence_calculation","version":"2026-08-14"}],"basic_category":"place_of_learning","taxonomy":{"primary":"school","hierarchy":["education","place_of_learning","school"],"alternates":null},"version":1}},
{"id":"32c6dfe7-3fe7-48db-87ef-dff2717ef32e","type":"Feature","geometry":{"type":"Point","coordinates":[78.27197,21.465492906208]},"properties":{"categories":{"primary":"restaurant","alternate":null},"confidence":0.7267652153968811,"websites":["https://honeybunnycafeandrestaurant.inmyarea.in/"],"socials":["https://www.facebook.com/107396808946262"],"phones":["+917030406091"],"brand":{"wikidata":null,"names":{"primary":null,"common":null,"rules":null}},"addresses":[{"freeform":"nagpur road indira chowk warud","locality":"Warud","postcode":"444906","region":"MH","country":"IN"}],"names":{"primary":"Honey_Bunny cafe warud","common":null,"rules":null},"sources":[{"property":"","dataset":"meta","license":"CDLA-Permissive-2.0","record_id":"107396808946262","update_time":"2026-08-10T00:00:00.000Z","confidence":0.7267652153968811,"between":null,"provider":"meta","resource":"meta","version":"2026-08-10"},{"property":"/properties/confidence","dataset":"Overture","license":"CDLA-Permissive-2.0","record_id":null,"update_time":"2026-08-14T19:46:07Z","confidence":null,"between":null,"provider":"overture","resource":"confidence_calculation","version":"2026-08-14"}],"basic_category":"restaurant","taxonomy":{"primary":"restaurant","hierarchy":["food_and_drink","restaurant"],"alternates":null},"version":8}},
{"id":"67440ca2-767d-497d-ba0b-3a28b49997cd","type":"Feature","geometry":{"type":"Point","coordinates":[78.2714,21.4662]},"properties":{"categories":{"primary":"business_advertising","alternate":null},"confidence":0.5471863746643066,"socials":["https://www.facebook.com/103179027906497"],"phones":["+919595899969"],"brand":{"wikidata":null,"names":{"primary":null,"common":null,"rules":null}},"addresses":[{"freeform":"gangaram market near union bank ","locality":"Warud","postcode":"444906","region":"MH","country":"IN"}],"names":{"primary":"Rituraj Mobile Shop","common":null,"rules":null},"sources":[{"property":"","dataset":"meta","license":"CDLA-Permissive-2.0","record_id":"103179027906497","update_time":"2026-08-10T00:00:00.000Z","confidence":0.5471863746643066,"between":null,"provider":"meta","resource":"meta","version":"2026-08-10"},{"property":"/properties/confidence","dataset":"Overture","license":"CDLA-Permissive-2.0","record_id":null,"update_time":"2026-08-14T19:46:07Z","confidence":null,"between":null,"provider":"overture","resource":"confidence_calculation","version":"2026-08-14"}],"basic_category":"b2b_office_and_professional_service","taxonomy":{"primary":"b2b_advertising_and_marketing_service","hierarchy":["services_and_business","b2b_service","b2b_office_and_professional_service","b2b_advertising_and_marketing_service"],"alternates":null},"version":8}},
{"id":"97def932-8cb2-49c8-acd2-6e4eafc0699d","type":"Feature","geometry":{"type":"Point","coordinates":[78.2711268,21.4662383]},"properties":{"categories":{"primary":"pharmacy","alternate":null},"confidence":0.77,"websites":["https://franchise.genericartmedicine.com/genericart-medicine-store-janseva-warud-swast-aushadhi-pharmacy-sawata-chowk-amravati-312447/Home"],"phones":["098234 00188"],"addresses":[{"freeform":"Shop No 1,Ward No 22","locality":"Amravati","postcode":"444906","region":"Maharashtra","country":"IN"}],"names":{"primary":"Genericart Medicine Store","common":null,"rules":null},"sources":[{"property":"","dataset":"Foursquare","license":"Apache-2.0","record_id":"681990666f21057a9d763524","update_time":"2025-05-06T00:00:00.000","confidence":0.77,"between":null,"provider":"foursquare","resource":"foursquare","version":"2026-04-14"},{"property":"/properties/confidence","dataset":"Overture","license":"CDLA-Permissive-2.0","record_id":null,"update_time":"2026-08-14T19:46:07Z","confidence":null,"between":null,"provider":"overture","resource":"confidence_calculation","version":"2026-08-14"}],"basic_category":"pharmacy_and_drug_store","taxonomy":{"primary":"pharmacy","hierarchy":["shopping","specialty_store","pharmacy_and_drug_store","pharmacy"],"alternates":null},"version":5}},
{"id":"94521624-bbe6-49ea-a63f-d332c5fb2077","type":"Feature","geometry":{"type":"Point","coordinates":[78.27033224,21.46644436]},"properties":{"categories":{"primary":"naturopathic_holistic","alternate":["hospital"]},"confidence":0.32498952746391296,"socials":["https://www.facebook.com/1921740871487159"],"phones":["+19403510046"],"brand":{"wikidata":null,"names":{"primary":null,"common":null,"rules":null}},"addresses":[{"freeform":"In front, municipal rural hospital, Approach Rd","locality":"Warud","postcode":"444906","region":"MH","country":"IN"}],"names":{"primary":"Shrikrishna Ayurvedic Clinic","common":null,"rules":null},"sources":[{"property":"","dataset":"meta","license":"CDLA-Permissive-2.0","record_id":"1921740871487159","update_time":"2026-08-10T00:00:00.000Z","confidence":0.32498952746391296,"between":null,"provider":"meta","resource":"meta","version":"2026-08-10"},{"property":"/properties/confidence","dataset":"Overture","license":"CDLA-Permissive-2.0","record_id":null,"update_time":"2026-08-14T19:46:07Z","confidence":null,"between":null,"provider":"overture","resource":"confidence_calculation","version":"2026-08-14"}],"basic_category":"complementary_and_alternative_medicine","taxonomy":{"primary":"naturopathic_medicine","hierarchy":["health_care","outpatient_care_facility","complementary_and_alternative_medicine","naturopathic_medicine"],"alternates":null},"version":3}},
{"id":"cc322259-6d3c-4c8d-b0ea-89b31e660032","type":"Feature","geometry":{"type":"Point","coordinates":[78.26920204298277,21.466400817297732]},"properties":{"categories":{"primary":"shopping","alternate":["grocery_store","public_service_and_government"]},"confidence":0.37157565355300903,"socials":["https://www.facebook.com/789805591083518"],"phones":["+918856928680"],"brand":{"wikidata":null,"names":{"primary":null,"common":null,"rules":null}},"addresses":[{"freeform":"Warud","locality":"Warud","postcode":"444906","region":"MH","country":"IN"}],"names":{"primary":"Warud Ti.warud Di.Amaravati","common":null,"rules":null},"sources":[{"property":"","dataset":"meta","license":"CDLA-Permissive-2.0","record_id":"789805591083518","update_time":"2026-08-10T00:00:00.000Z","confidence":0.37157565355300903,"between":null,"provider":"meta","resource":"meta","version":"2026-08-10"},{"property":"/properties/confidence","dataset":"Overture","license":"CDLA-Permissive-2.0","record_id":null,"update_time":"2026-08-14T19:46:07Z","confidence":null,"between":null,"provider":"overture","resource":"confidence_calculation","version":"2026-08-14"}],"basic_category":"shopping","taxonomy":{"primary":"shopping","hierarchy":["shopping"],"alternates":null},"version":11}},
{"id":"3ff6b82d-c27e-4af0-9146-6110a2ef0350","type":"Feature","geometry":{"type":"Point","coordinates":[78.26966866,21.46619066]},"properties":{"categories":{"primary":"dairy_farm","alternate":null},"confidence":0.3452470004558563,"socials":["https://www.facebook.com/107708681641623"],"brand":{"wikidata":null,"names":{"primary":null,"common":null,"rules":null}},"addresses":[{"freeform":"Sawata Chowk, near Kharedi Vikri Society","locality":"Warud","postcode":"444906","region":"MH","country":"IN"}],"names":{"primary":"Govansh Dairy Farm","common":null,"rules":null},"sources":[{"property":"","dataset":"meta","license":"CDLA-Permissive-2.0","record_id":"107708681641623","update_time":"2026-08-10T00:00:00.000Z","confidence":0.3452470004558563,"between":null,"provider":"meta","resource":"meta","version":"2026-08-10"},{"property":"/properties/confidence","dataset":"Overture","license":"CDLA-Permissive-2.0","record_id":null,"update_time":"2026-08-14T19:46:07Z","confidence":null,"between":null,"provider":"overture","resource":"confidence_calculation","version":"2026-08-14"}],"basic_category":"farm","taxonomy":{"primary":"dairy_farm","hierarchy":["services_and_business","agricultural_service","farm","dairy_farm"],"alternates":null},"version":9}},
{"id":"944f76e2-8152-428a-8c66-a020c3810ea5","type":"Feature","geometry":{"type":"Point","coordinates":[78.26923405,21.46580097]},"properties":{"categories":{"primary":"education","alternate":["school","middle_school"]},"confidence":0.3531133830547333,"socials":["https://www.facebook.com/2015612782046757"],"brand":{"wikidata":null,"names":{"primary":null,"common":null,"rules":null}},"addresses":[{"freeform":"","locality":"Warud","postcode":"444906","region":"MH","country":"IN"}],"names":{"primary":"Urdu High School","common":null,"rules":null},"sources":[{"property":"","dataset":"meta","license":"CDLA-Permissive-2.0","record_id":"2015612782046757","update_time":"2026-08-10T00:00:00.000Z","confidence":0.3531133830547333,"between":null,"provider":"meta","resource":"meta","version":"2026-08-10"},{"property":"/properties/confidence","dataset":"Overture","license":"CDLA-Permissive-2.0","record_id":null,"update_time":"2026-08-14T19:46:07Z","confidence":null,"between":null,"provider":"overture","resource":"confidence_calculation","version":"2026-08-14"}],"basic_category":"education","taxonomy":{"primary":"education","hierarchy":["education"],"alternates":null},"version":11}},
{"id":"945b04be-ff9a-4de5-bbae-1ddd88d747b9","type":"Feature","geometry":{"type":"Point","coordinates":[78.272377,21.464375]},"properties":{"categories":{"primary":"automotive_services_and_repair","alternate":null},"confidence":0.85,"websites":["https://dealer-locator.cars.tatamotors.com/tata-motors-cars-showroom-jaika-motors-warud-car-dealer-warud-amravati-147780/Home?utm_source=locator&utm_medium=bing"],"phones":["08291599685"],"addresses":[{"freeform":"Indira Chowk, Rajura Road, Warud","locality":"Amravati","postcode":"444906","region":"Maharashtra","country":"IN"}],"names":{"primary":"Tata Motors Cars Showroom - Jaika Motors, Warud","common":null,"rules":null},"sources":[{"property":"","dataset":"Microsoft","license":"CDLA-Permissive-2.0","record_id":"1688849864486131","update_time":"2025-06-09T12:47:44.653Z","confidence":0.85,"between":null,"provider":"microsoft","resource":"microsoft","version":"2025-10-20"},{"property":"/properties/confidence","dataset":"Overture","license":"CDLA-Permissive-2.0","record_id":null,"update_time":"2026-08-14T19:46:07Z","confidence":null,"between":null,"provider":"overture","resource":"confidence_calculation","version":"2026-08-14"}],"basic_category":"automotive_service","taxonomy":{"primary":"automotive_service","hierarchy":["travel_and_transportation","vehicle_service","automotive_service"],"alternates":null},"version":9}},
{"id":"3cc36c22-6663-40da-861a-426404a1695a","type":"Feature","geometry":{"type":"Point","coordinates":[78.27579,21.4588]},"properties":{"categories":{"primary":"grocery_store","alternate":null},"confidence":0.5410627722740173,"socials":["https://www.facebook.com/103806048157854"],"phones":["+919561247590"],"brand":{"wikidata":null,"names":{"primary":null,"common":null,"rules":null}},"addresses":[{"freeform":"pardi road\\n","locality":"Warud","postcode":"444906","region":"MH","country":"IN"}],"names":{"primary":"Saishri Kirana And  General,WARUD","common":null,"rules":null},"sources":[{"property":"","dataset":"meta","license":"CDLA-Permissive-2.0","record_id":"103806048157854","update_time":"2026-08-10T00:00:00.000Z","confidence":0.5410627722740173,"between":null,"provider":"meta","resource":"meta","version":"2026-08-10"},{"property":"/properties/confidence","dataset":"Overture","license":"CDLA-Permissive-2.0","record_id":null,"update_time":"2026-08-14T19:46:07Z","confidence":null,"between":null,"provider":"overture","resource":"confidence_calculation","version":"2026-08-14"}],"basic_category":"food_and_beverage_store","taxonomy":{"primary":"grocery_store","hierarchy":["shopping","food_and_beverage_store","grocery_store"],"alternates":null},"version":2}},
{"id":"54af6a47-c579-4edd-b067-ec8fa19b2bdb","type":"Feature","geometry":{"type":"Point","coordinates":[78.26832,21.45825]},"properties":{"categories":{"primary":"train_station","alternate":["transportation"]},"confidence":0.6568187475204468,"socials":["https://www.facebook.com/244639862668743"],"brand":{"wikidata":null,"names":{"primary":null,"common":null,"rules":null}},"addresses":[{"freeform":null,"locality":"Warud","postcode":null,"region":"MH","country":"IN"}],"names":{"primary":"Warud Orange City Railway Station","common":null,"rules":null},"sources":[{"property":"","dataset":"meta","license":"CDLA-Permissive-2.0","record_id":"244639862668743","update_time":"2026-08-10T00:00:00.000Z","confidence":0.6568187475204468,"between":null,"provider":"meta","resource":"meta","version":"2026-08-10"},{"property":"/properties/confidence","dataset":"Overture","license":"CDLA-Permissive-2.0","record_id":null,"update_time":"2026-08-14T19:46:07Z","confidence":null,"between":null,"provider":"overture","resource":"confidence_calculation","version":"2026-08-14"}],"basic_category":"train_station","taxonomy":{"primary":"train_station","hierarchy":["travel_and_transportation","ground_transport_facility_or_service","rail_facility_or_service","train_station"],"alternates":null},"version":1}},
{"id":"daa39947-8023-4ac9-8411-4ca69538b64b","type":"Feature","geometry":{"type":"Point","coordinates":[78.26839434,21.4667051]},"properties":{"categories":{"primary":"jewelry_store","alternate":["b2b_jewelers"]},"confidence":0.35634204745292664,"websites":["https://share.google/aa0ftBf2vYnZrWwqu"],"emails":["ptimkhede92@gmail.com"],"socials":["https://www.facebook.com/112867257836664"],"phones":["+919423635002"],"brand":{"wikidata":null,"names":{"primary":null,"common":null,"rules":null}},"addresses":[{"freeform":"","locality":"Warud","postcode":"444906","region":"MH","country":"IN"}],"names":{"primary":"Prabhakar Jewellers","common":null,"rules":null},"sources":[{"property":"","dataset":"meta","license":"CDLA-Permissive-2.0","record_id":"112867257836664","update_time":"2026-08-10T00:00:00.000Z","confidence":0.35634204745292664,"between":null,"provider":"meta","resource":"meta","version":"2026-08-10"},{"property":"/properties/confidence","dataset":"Overture","license":"CDLA-Permissive-2.0","record_id":null,"update_time":"2026-08-14T19:46:07Z","confidence":null,"between":null,"provider":"overture","resource":"confidence_calculation","version":"2026-08-14"}],"basic_category":"fashion_and_apparel_store","taxonomy":{"primary":"jewelry_store","hierarchy":["shopping","fashion_and_apparel_store","jewelry_store"],"alternates":null},"version":2}},
{"id":"e51b8334-55a5-444a-81a4-f970bf6efb6f","type":"Feature","geometry":{"type":"Point","coordinates":[78.266666666667,21.466666666667]},"properties":{"categories":{"primary":"hospital","alternate":null},"confidence":0.7114322185516357,"socials":["https://www.facebook.com/1866441810068714"],"brand":{"wikidata":null,"names":{"primary":null,"common":null,"rules":null}},"addresses":[{"freeform":null,"locality":"Warud","postcode":null,"region":"MH","country":"IN"}],"names":{"primary":"Rural Hospital","common":null,"rules":null},"sources":[{"property":"","dataset":"meta","license":"CDLA-Permissive-2.0","record_id":"1866441810068714","update_time":"2026-08-10T00:00:00.000Z","confidence":0.7114322185516357,"between":null,"provider":"meta","resource":"meta","version":"2026-08-10"},{"property":"/properties/confidence","dataset":"Overture","license":"CDLA-Permissive-2.0","record_id":null,"update_time":"2026-08-14T19:46:07Z","confidence":null,"between":null,"provider":"overture","resource":"confidence_calculation","version":"2026-08-14"}],"basic_category":"hospital","taxonomy":{"primary":"hospital","hierarchy":["health_care","hospital"],"alternates":null},"version":6}},
{"id":"69e66e81-7a29-4fab-a128-f6a58af63f5c","type":"Feature","geometry":{"type":"Point","coordinates":[78.2647004,21.4712098]},"properties":{"categories":{"primary":"clothing_store","alternate":null},"confidence":0.85,"websites":["https://reliancetrends.com/page/trends-pandhurna-road-warud"],"phones":["08180810955"],"addresses":[{"freeform":"Shri Krishana Plaza Reliance Trends, Pandhurna Road, West District Amravati, Near Pandhurna Chock Warud, Amravati Bhawani Mandi","locality":"Warud","postcode":"444906","region":"Maharashtra","country":"IN"}],"names":{"primary":"TRENDS","common":null,"rules":null},"sources":[{"property":"","dataset":"Microsoft","license":"CDLA-Permissive-2.0","record_id":"1688849866812306","update_time":"2025-09-10T05:19:52.983Z","confidence":0.85,"between":null,"provider":"microsoft","resource":"microsoft","version":"2025-10-20"},{"property":"/properties/confidence","dataset":"Overture","license":"CDLA-Permissive-2.0","record_id":null,"update_time":"2026-08-14T19:46:07Z","confidence":null,"between":null,"provider":"overture","resource":"confidence_calculation","version":"2026-08-14"}],"basic_category":"fashion_and_apparel_store","taxonomy":{"primary":"clothing_store","hierarchy":["shopping","fashion_and_apparel_store","clothing_store"],"alternates":null},"version":7}},
{"id":"de6868e4-5378-41bd-8cb3-990ac4caec23","type":"Feature","geometry":{"type":"Point","coordinates":[78.26470055,21.47120994]},"properties":{"categories":{"primary":"pharmacy","alternate":null},"confidence":0.77,"websites":["https://franchise.genericartmedicine.com/genericart-medicine-store-sairam-swasth-aushadhi-seva-generic-medicine-stores-pharmacy-jarud-amravati-312756/Home"],"phones":["098232 14862"],"addresses":[{"freeform":"Shop No 4, Plot No 1257, Property No 48,WN 5, Sheet No 12, Gujari Bajar","locality":"Amravati","postcode":"444908","region":"Maharashtra","country":"IN"}],"names":{"primary":"Genericart Medicine Store","common":null,"rules":null},"sources":[{"property":"","dataset":"Foursquare","license":"Apache-2.0","record_id":"6819da2c4eef6f10a4c77daa","update_time":"2025-05-06T00:00:00.000","confidence":0.77,"between":null,"provider":"foursquare","resource":"foursquare","version":"2026-04-14"},{"property":"/properties/confidence","dataset":"Overture","license":"CDLA-Permissive-2.0","record_id":null,"update_time":"2026-08-14T19:46:07Z","confidence":null,"between":null,"provider":"overture","resource":"confidence_calculation","version":"2026-08-14"}],"basic_category":"pharmacy_and_drug_store","taxonomy":{"primary":"pharmacy","hierarchy":["shopping","specialty_store","pharmacy_and_drug_store","pharmacy"],"alternates":null},"version":5}},
{"id":"01710316-0693-4879-8ba6-5e4edb8fe9e0","type":"Feature","geometry":{"type":"Point","coordinates":[78.2647,21.47121]},"properties":{"categories":{"primary":"shopping","alternate":null},"confidence":0.9655,"websites":["https://dealers.heromotocorp.com/shradha-auto-services-hero-motocorp-two-wheeler-dealer-bus-stand-amravati-32285/Home?utm_source=locator&utm_medium=bing"],"phones":["09667214723"],"addresses":[{"freeform":"Ward No 1, Arushshadha Shunkal Complex, Bus Stand","locality":"Warud","postcode":"444906","region":"Maharashtra","country":"IN"}],"names":{"primary":"Shradha Auto Services - Hero MotoCorp","common":null,"rules":null},"sources":[{"property":"","dataset":"Microsoft","license":"CDLA-Permissive-2.0","record_id":"1688849863325217","update_time":"2022-07-03T16:25:40.033Z","confidence":0.85,"between":null,"provider":"microsoft","resource":"microsoft","version":"2025-10-20"},{"property":"/properties/confidence","dataset":"Overture","license":"CDLA-Permissive-2.0","record_id":null,"update_time":"2026-08-14T19:46:07Z","confidence":null,"between":null,"provider":"overture","resource":"confidence_calculation","version":"2026-08-14"}],"basic_category":"shopping","taxonomy":{"primary":"shopping","hierarchy":["shopping"],"alternates":null},"version":8}},
{"id":"09c3773a-71d1-4728-9fc3-5bc557bef6d4","type":"Feature","geometry":{"type":"Point","coordinates":[78.2647004,21.4712098]},"properties":{"categories":{"primary":"credit_union","alternate":["bank_credit_union","public_school","education"]},"confidence":0.85,"websites":["https://nearme.bajajfinserv.in/service-branch/bajaj-finance-branch-financial-institutions-indira-chowk-amravati-177617/Home?utm_source=locator&utm_medium=bing"],"phones":["02241804799"],"addresses":[{"freeform":"Ground Floor, Ganokar Complex, Indira Chowk","locality":"Amravati","postcode":"444906","region":"Maharashtra","country":"IN"}],"names":{"primary":"Bajaj Finance Branch","common":null,"rules":null},"sources":[{"property":"","dataset":"Microsoft","license":"CDLA-Permissive-2.0","record_id":"1688849865632475","update_time":"2025-06-10T10:56:44.323Z","confidence":0.85,"between":null,"provider":"microsoft","resource":"microsoft","version":"2025-10-20"},{"property":"/properties/confidence","dataset":"Overture","license":"CDLA-Permissive-2.0","record_id":null,"update_time":"2026-08-14T19:46:07Z","confidence":null,"between":null,"provider":"overture","resource":"confidence_calculation","version":"2026-08-14"}],"basic_category":"bank_or_credit_union","taxonomy":{"primary":"credit_union","hierarchy":["services_and_business","financial_service","bank_or_credit_union","credit_union"],"alternates":null},"version":10}},
{"id":"4db009ba-3008-4db3-a25d-e2da298034ba","type":"Feature","geometry":{"type":"Point","coordinates":[78.26223486,21.47500996]},"properties":{"categories":{"primary":"cafe","alternate":["coffee_shop","tea_room"]},"confidence":0.22636526823043823,"websites":["http://cafedearcomrade.com/"],"emails":["cafedearcomrade@gmail.com"],"socials":["https://www.facebook.com/100488925469817"],"phones":["+919284809976"],"brand":{"wikidata":null,"names":{"primary":null,"common":null,"rules":null}},"addresses":[{"freeform":"Ande complex, beside Bus Stand","locality":"Warud","postcode":"444906","region":"MH","country":"IN"}],"names":{"primary":"Cafe Dear Comrade Warud","common":null,"rules":null},"sources":[{"property":"","dataset":"meta","license":"CDLA-Permissive-2.0","record_id":"100488925469817","update_time":"2026-08-10T00:00:00.000Z","confidence":0.22636526823043823,"between":null,"provider":"meta","resource":"meta","version":"2026-08-10"},{"property":"/properties/confidence","dataset":"Overture","license":"CDLA-Permissive-2.0","record_id":null,"update_time":"2026-08-14T19:46:07Z","confidence":null,"between":null,"provider":"overture","resource":"confidence_calculation","version":"2026-08-14"}],"basic_category":"cafe","taxonomy":{"primary":"cafe","hierarchy":["food_and_drink","casual_eatery","cafe"],"alternates":null},"version":9}},
{"id":"aabfc104-219f-496d-ac48-e05e8e05a435","type":"Feature","geometry":{"type":"Point","coordinates":[78.26856598,21.47243629]},"properties":{"categories":{"primary":"desserts","alternate":["bakery"]},"confidence":0.5683817863464355,"socials":["https://www.facebook.com/106460187518921"],"brand":{"wikidata":null,"names":{"primary":null,"common":null,"rules":null}},"addresses":[{"freeform":"Gandhi","locality":"Warud","postcode":"444906","region":"MH","country":"IN"}],"names":{"primary":"Jain Cold Drinks and Sweets","common":null,"rules":null},"sources":[{"property":"","dataset":"meta","license":"CDLA-Permissive-2.0","record_id":"106460187518921","update_time":"2026-08-10T00:00:00.000Z","confidence":0.5683817863464355,"between":null,"provider":"meta","resource":"meta","version":"2026-08-10"},{"property":"/properties/confidence","dataset":"Overture","license":"CDLA-Permissive-2.0","record_id":null,"update_time":"2026-08-14T19:46:07Z","confidence":null,"between":null,"provider":"overture","resource":"confidence_calculation","version":"2026-08-14"}],"basic_category":"casual_eatery","taxonomy":{"primary":"dessert_shop","hierarchy":["food_and_drink","casual_eatery","dessert_shop"],"alternates":null},"version":10}},
{"id":"7e775fb4-67bb-49bc-8261-cd168d8816b5","type":"Feature","geometry":{"type":"Point","coordinates":[78.2674,21.47169]},"properties":{"categories":{"primary":"real_estate_service","alternate":null},"confidence":0.5279561281204224,"websites":["http://NaturalLifeDay.com/"],"emails":["naturespride.farmvilla@gmail.com"],"socials":["https://www.facebook.com/359597960798156"],"brand":{"wikidata":null,"names":{"primary":null,"common":null,"rules":null}},"addresses":[{"freeform":"Mauza Esapur, Warud-Multai Road, Near Gonapur Choki","locality":"Warud","postcode":"444906","region":"MH","country":"IN"}],"names":{"primary":"Nature's Pride","common":null,"rules":null},"sources":[{"property":"","dataset":"meta","license":"CDLA-Permissive-2.0","record_id":"359597960798156","update_time":"2026-08-10T00:00:00.000Z","confidence":0.5279561281204224,"between":null,"provider":"meta","resource":"meta","version":"2026-08-10"},{"property":"/properties/confidence","dataset":"Overture","license":"CDLA-Permissive-2.0","record_id":null,"update_time":"2026-08-14T19:46:07Z","confidence":null,"between":null,"provider":"overture","resource":"confidence_calculation","version":"2026-08-14"}],"basic_category":"real_estate_service","taxonomy":{"primary":"real_estate_service","hierarchy":["services_and_business","real_estate_service"],"alternates":null},"version":2}},
{"id":"d1e58536-b42c-4f15-8778-57d5cca0925f","type":"Feature","geometry":{"type":"Point","coordinates":[78.2674,21.47169]},"properties":{"confidence":0.10174448043107986,"websites":["http://www.aakhirah.in/"],"emails":["aakhirah26@gmail.com"],"socials":["https://www.facebook.com/1111601192036633"],"phones":["+919325592061"],"brand":{"wikidata":null,"names":{"primary":null,"common":null,"rules":null}},"addresses":[{"freeform":"Warud","locality":"Warud","postcode":"444906","region":"MH","country":"IN"}],"names":{"primary":"Aakhirah","common":null,"rules":null},"sources":[{"property":"","dataset":"meta","license":"CDLA-Permissive-2.0","record_id":"1111601192036633","update_time":"2026-08-10T00:00:00.000Z","confidence":0.10174448043107986,"between":null,"provider":"meta","resource":"meta","version":"2026-08-10"},{"property":"/properties/confidence","dataset":"Overture","license":"CDLA-Permissive-2.0","record_id":null,"update_time":"2026-08-14T19:46:07Z","confidence":null,"between":null,"provider":"overture","resource":"confidence_calculation","version":"2026-08-14"}],"version":1}},
{"id":"0f6a7aef-df20-4cad-8614-a4eec116e213","type":"Feature","geometry":{"type":"Point","coordinates":[78.2674,21.47169]},"properties":{"categories":{"primary":"business_advertising","alternate":null},"confidence":0.17176266014575958,"socials":["https://www.facebook.com/368683386317745"],"brand":{"wikidata":null,"names":{"primary":null,"common":null,"rules":null}},"addresses":[{"freeform":"LIC warud branch -99L","locality":"Warud","postcode":"444906","region":"MH","country":"IN"}],"names":{"primary":"LIC Recruitment & Training ","common":null,"rules":null},"sources":[{"property":"","dataset":"meta","license":"CDLA-Permissive-2.0","record_id":"368683386317745","update_time":"2026-08-10T00:00:00.000Z","confidence":0.17176266014575958,"between":null,"provider":"meta","resource":"meta","version":"2026-08-10"},{"property":"/properties/confidence","dataset":"Overture","license":"CDLA-Permissive-2.0","record_id":null,"update_time":"2026-08-14T19:46:07Z","confidence":null,"between":null,"provider":"overture","resource":"confidence_calculation","version":"2026-08-14"}],"basic_category":"b2b_office_and_professional_service","taxonomy":{"primary":"b2b_advertising_and_marketing_service","hierarchy":["services_and_business","b2b_service","b2b_office_and_professional_service","b2b_advertising_and_marketing_service"],"alternates":null},"version":8}},
{"id":"c17b5cb8-4c0e-46af-8980-caca3f457d9c","type":"Feature","geometry":{"type":"Point","coordinates":[78.2674,21.47169]},"properties":{"categories":{"primary":"dairy_farm","alternate":null},"confidence":0.24264156818389893,"websites":["https://wa.me/918484854120"],"emails":["nikhilshrirao0906@gmail.com"],"socials":["https://www.facebook.com/1309572958896705"],"phones":["+918484854120"],"brand":{"wikidata":null,"names":{"primary":null,"common":null,"rules":null}},"addresses":[{"freeform":"giants chowk, warud","locality":"Warud","postcode":"444906","region":"MH","country":"IN"}],"names":{"primary":"Arogyadhara dairy farm","common":null,"rules":null},"sources":[{"property":"","dataset":"meta","license":"CDLA-Permissive-2.0","record_id":"1309572958896705","update_time":"2026-08-10T00:00:00.000Z","confidence":0.24264156818389893,"between":null,"provider":"meta","resource":"meta","version":"2026-08-10"},{"property":"/properties/confidence","dataset":"Overture","license":"CDLA-Permissive-2.0","record_id":null,"update_time":"2026-08-14T19:46:07Z","confidence":null,"between":null,"provider":"overture","resource":"confidence_calculation","version":"2026-08-14"}],"basic_category":"farm","taxonomy":{"primary":"dairy_farm","hierarchy":["services_and_business","agricultural_service","farm","dairy_farm"],"alternates":null},"version":1}},
{"id":"d40d23f8-00d0-4d65-b063-22c5d3f9aead","type":"Feature","geometry":{"type":"Point","coordinates":[78.26848,21.47203]},"properties":{"categories":{"primary":"car_dealer","alternate":null},"confidence":0.6229379773139954,"emails":["darshantakarkhede1998@gmail.com"],"socials":["https://www.facebook.com/101025929732043"],"phones":["+919420906522"],"brand":{"wikidata":null,"names":{"primary":null,"common":null,"rules":null}},"addresses":[{"freeform":"Takarkhede Automotive E-Bike Pandhurna Chwok Warud 444906","locality":"Warud","postcode":"444906","region":"MH","country":"IN"}],"names":{"primary":"Takarkhede Automotive E-Bike Pandhurna Chwok Warud 444906 ","common":null,"rules":null},"sources":[{"property":"","dataset":"meta","license":"CDLA-Permissive-2.0","record_id":"101025929732043","update_time":"2026-08-10T00:00:00.000Z","confidence":0.6229379773139954,"between":null,"provider":"meta","resource":"meta","version":"2026-08-10"},{"property":"/properties/confidence","dataset":"Overture","license":"CDLA-Permissive-2.0","record_id":null,"update_time":"2026-08-14T19:46:07Z","confidence":null,"between":null,"provider":"overture","resource":"confidence_calculation","version":"2026-08-14"}],"basic_category":"auto_dealer","taxonomy":{"primary":"auto_dealer","hierarchy":["shopping","vehicle_dealer","auto_dealer"],"alternates":null},"version":10}},
{"id":"6c8bcf3c-aee1-42f4-afdf-158f0811cf62","type":"Feature","geometry":{"type":"Point","coordinates":[78.26875372,21.47159034]},"properties":{"categories":{"primary":"womens_clothing_store","alternate":["clothing_store"]},"confidence":0.44041264057159424,"socials":["https://www.facebook.com/2174964542776330"],"brand":{"wikidata":null,"names":{"primary":null,"common":null,"rules":null}},"addresses":[{"freeform":null,"locality":"Warud","postcode":null,"region":"MH","country":"IN"}],"names":{"primary":"Sakshi Sarees Center","common":null,"rules":null},"sources":[{"property":"","dataset":"meta","license":"CDLA-Permissive-2.0","record_id":"2174964542776330","update_time":"2026-08-10T00:00:00.000Z","confidence":0.44041264057159424,"between":null,"provider":"meta","resource":"meta","version":"2026-08-10"},{"property":"/properties/confidence","dataset":"Overture","license":"CDLA-Permissive-2.0","record_id":null,"update_time":"2026-08-14T19:46:07Z","confidence":null,"between":null,"provider":"overture","resource":"confidence_calculation","version":"2026-08-14"}],"basic_category":"fashion_and_apparel_store","taxonomy":{"primary":"womens_clothing_store","hierarchy":["shopping","fashion_and_apparel_store","clothing_store","womens_clothing_store"],"alternates":null},"version":2}},
{"id":"4cbf2137-a50d-471b-a26b-80c7f56f24f5","type":"Feature","geometry":{"type":"Point","coordinates":[78.26854588,21.47144354]},"properties":{"categories":{"primary":"home_goods_store","alternate":["flowers_and_gifts_shop"]},"confidence":0.20979727804660797,"websites":["http://khatrisachin.com/"],"emails":["imranraeen29@gmail.com"],"socials":["https://www.facebook.com/130379020163493"],"phones":["+919696203596"],"brand":{"wikidata":null,"names":{"primary":null,"common":null,"rules":null}},"addresses":[{"freeform":"Sati Mata Temple, Main Rd","locality":"Warud","postcode":"444906","region":"MH","country":"IN"}],"names":{"primary":"Khatri Gift and Khilona","common":null,"rules":null},"sources":[{"property":"","dataset":"meta","license":"CDLA-Permissive-2.0","record_id":"130379020163493","update_time":"2026-08-10T00:00:00.000Z","confidence":0.20979727804660797,"between":null,"provider":"meta","resource":"meta","version":"2026-08-10"},{"property":"/properties/confidence","dataset":"Overture","license":"CDLA-Permissive-2.0","record_id":null,"update_time":"2026-08-14T19:46:07Z","confidence":null,"between":null,"provider":"overture","resource":"confidence_calculation","version":"2026-08-14"}],"basic_category":"hardware_home_and_garden_store","taxonomy":{"primary":"home_goods_store","hierarchy":["shopping","specialty_store","hardware_home_and_garden_store","home_goods_store"],"alternates":null},"version":1}},
{"id":"46c4bbb8-ca1e-4ca3-a039-42de0355c11f","type":"Feature","geometry":{"type":"Point","coordinates":[78.26879007,21.47139001]},"properties":{"categories":{"primary":"hardware_store","alternate":["building_supply_store","shopping"]},"confidence":0.92999666929245,"socials":["https://www.facebook.com/104232524742860"],"phones":["+917387491809"],"brand":{"wikidata":null,"names":{"primary":null,"common":null,"rules":null}},"addresses":[{"freeform":"Sati Chowk","locality":"Warud","postcode":"444906","region":"MH","country":"IN"}],"names":{"primary":"Vidarbha Hardware","common":null,"rules":null},"sources":[{"property":"","dataset":"meta","license":"CDLA-Permissive-2.0","record_id":"104232524742860","update_time":"2026-08-10T00:00:00.000Z","confidence":0.92999666929245,"between":null,"provider":"meta","resource":"meta","version":"2026-08-10"},{"property":"/properties/confidence","dataset":"Overture","license":"CDLA-Permissive-2.0","record_id":null,"update_time":"2026-08-14T19:46:07Z","confidence":null,"between":null,"provider":"overture","resource":"confidence_calculation","version":"2026-08-14"}],"basic_category":"hardware_home_and_garden_store","taxonomy":{"primary":"hardware_store","hierarchy":["shopping","specialty_store","hardware_home_and_garden_store","hardware_store"],"alternates":null},"version":10}},
{"id":"3af72bfc-8564-4b49-9dc7-5c2b9cf28c0c","type":"Feature","geometry":{"type":"Point","coordinates":[78.26874988,21.47085105]},"properties":{"categories":{"primary":"shopping","alternate":null},"confidence":0.3255082368850708,"socials":["https://www.facebook.com/112977790151325"],"phones":["+919422159763"],"brand":{"wikidata":null,"names":{"primary":null,"common":null,"rules":null}},"addresses":[{"freeform":"Main Road, Motha Bhaji Bazar, Shaniwar Peth","locality":"Warud","postcode":"444906","region":"MH","country":"IN"}],"names":{"primary":"Jain Sales Electronic Shop","common":null,"rules":null},"sources":[{"property":"","dataset":"meta","license":"CDLA-Permissive-2.0","record_id":"112977790151325","update_time":"2026-08-10T00:00:00.000Z","confidence":0.3255082368850708,"between":null,"provider":"meta","resource":"meta","version":"2026-08-10"},{"property":"/properties/confidence","dataset":"Overture","license":"CDLA-Permissive-2.0","record_id":null,"update_time":"2026-08-14T19:46:07Z","confidence":null,"between":null,"provider":"overture","resource":"confidence_calculation","version":"2026-08-14"}],"basic_category":"shopping","taxonomy":{"primary":"shopping","hierarchy":["shopping"],"alternates":null},"version":9}},
{"id":"3f35e880-d0c6-4055-9bed-2bf2418f1253","type":"Feature","geometry":{"type":"Point","coordinates":[78.267967,21.470216]},"properties":{"categories":{"primary":"banks","alternate":null},"confidence":0.8,"websites":["https://www.icicibank.com/branch/maharashtra/warud/icic0001696"],"brand":{"wikidata":"Q1653258","names":{"primary":"ICICI Bank","common":null,"rules":[]}},"addresses":[{"freeform":"Saboo Plaza, Pandurna Chowk, Warud Amravati Dist.","locality":"Warud","postcode":"444906","region":"Maharashtra","country":"IN"}],"names":{"primary":"ICICI Bank","common":null,"rules":[{"variant":"short","language":null,"perspectives":null,"value":"ICICI","between":null,"side":null}]},"sources":[{"property":"","dataset":"AllThePlaces","license":"CC0-1.0","record_id":"loGGPlPyF5ZWnFjtwH2sCFJocrc=","update_time":"2026-08-05T15:33:36.000Z","confidence":0.8,"between":null,"provider":"alltheplaces","resource":"alltheplaces","version":"2026-08-05"},{"property":"/properties/confidence","dataset":"Overture","license":"CDLA-Permissive-2.0","record_id":null,"update_time":"2026-08-14T19:46:07Z","confidence":null,"between":null,"provider":"overture","resource":"confidence_calculation","version":"2026-08-14"}],"basic_category":"bank_or_credit_union","taxonomy":{"primary":"bank","hierarchy":["services_and_business","financial_service","bank_or_credit_union","bank"],"alternates":null},"version":1}},
{"id":"b59458fd-e6fb-40b6-8715-b6e7bc642eea","type":"Feature","geometry":{"type":"Point","coordinates":[78.26848214,21.47017514]},"properties":{"categories":{"primary":"vocational_and_technical_school","alternate":["school"]},"confidence":0.2592248022556305,"socials":["https://www.facebook.com/102202951243494"],"brand":{"wikidata":null,"names":{"primary":null,"common":null,"rules":null}},"addresses":[{"freeform":"Shaniwar Peth","locality":"Warud","postcode":"444906","region":"MH","country":"IN"}],"names":{"primary":"Praful Bhale Warud Excel Computer Academy","common":null,"rules":null},"sources":[{"property":"","dataset":"meta","license":"CDLA-Permissive-2.0","record_id":"102202951243494","update_time":"2026-08-10T00:00:00.000Z","confidence":0.2592248022556305,"between":null,"provider":"meta","resource":"meta","version":"2026-08-10"},{"property":"/properties/confidence","dataset":"Overture","license":"CDLA-Permissive-2.0","record_id":null,"update_time":"2026-08-14T19:46:07Z","confidence":null,"between":null,"provider":"overture","resource":"confidence_calculation","version":"2026-08-14"}],"basic_category":"specialty_school","taxonomy":{"primary":"vocational_and_technical_school","hierarchy":["education","place_of_learning","specialty_school","vocational_and_technical_school"],"alternates":null},"version":10}},
{"id":"98cfcc96-07e7-4f64-b86b-8bd72979116f","type":"Feature","geometry":{"type":"Point","coordinates":[78.268769,21.469811]},"properties":{"categories":{"primary":"credit_union","alternate":null},"confidence":0.85,"websites":["https://branches.shriramfinance.in/shriram-finance-limited-financial-advisor-warud-amravati-249561/Home?utm_source=locator&utm_medium=bing"],"phones":["18001034959"],"addresses":[{"freeform":"Khandelwal Sadan, Bypass Road, Warud","locality":"Amravati","postcode":"444906","region":"Maharashtra","country":"IN"}],"names":{"primary":"Shriram Finance Limited","common":null,"rules":null},"sources":[{"property":"","dataset":"Microsoft","license":"CDLA-Permissive-2.0","record_id":"1688849865630039","update_time":"2023-11-09T06:10:57.283Z","confidence":0.85,"between":null,"provider":"microsoft","resource":"microsoft","version":"2025-10-20"},{"property":"/properties/confidence","dataset":"Overture","license":"CDLA-Permissive-2.0","record_id":null,"update_time":"2026-08-14T19:46:07Z","confidence":null,"between":null,"provider":"overture","resource":"confidence_calculation","version":"2026-08-14"}],"basic_category":"bank_or_credit_union","taxonomy":{"primary":"credit_union","hierarchy":["services_and_business","financial_service","bank_or_credit_union","credit_union"],"alternates":null},"version":1}},
{"id":"9bae0ffd-fc8b-44aa-8b08-3f6db3c0c7cd","type":"Feature","geometry":{"type":"Point","coordinates":[78.26526652,21.47028951]},"properties":{"categories":{"primary":"education","alternate":["school","middle_school"]},"confidence":0.3788950741291046,"socials":["https://www.facebook.com/180530472653057"],"brand":{"wikidata":null,"names":{"primary":null,"common":null,"rules":null}},"addresses":[{"freeform":"","locality":"Warud","postcode":"444906","region":"MH","country":"IN"}],"names":{"primary":"Appasaheb Deshmukh Vidyalaya","common":null,"rules":null},"sources":[{"property":"","dataset":"meta","license":"CDLA-Permissive-2.0","record_id":"180530472653057","update_time":"2026-08-10T00:00:00.000Z","confidence":0.3788950741291046,"between":null,"provider":"meta","resource":"meta","version":"2026-08-10"},{"property":"/properties/confidence","dataset":"Overture","license":"CDLA-Permissive-2.0","record_id":null,"update_time":"2026-08-14T19:46:07Z","confidence":null,"between":null,"provider":"overture","resource":"confidence_calculation","version":"2026-08-14"}],"basic_category":"education","taxonomy":{"primary":"education","hierarchy":["education"],"alternates":null},"version":11}},
{"id":"0c3ca33d-cee4-43f9-af54-40c04a1410a2","type":"Feature","geometry":{"type":"Point","coordinates":[78.26648586,21.46907068]},"properties":{"categories":{"primary":"hindu_temple","alternate":["topic_concert_venue"]},"confidence":0.34826895594596863,"socials":["https://www.facebook.com/107018354074227"],"brand":{"wikidata":null,"names":{"primary":null,"common":null,"rules":null}},"addresses":[{"freeform":"Shaniwar Peth","locality":"Warud","postcode":"444906","region":"MH","country":"IN"}],"names":{"primary":"Nath Temple","common":null,"rules":null},"sources":[{"property":"","dataset":"meta","license":"CDLA-Permissive-2.0","record_id":"107018354074227","update_time":"2026-08-10T00:00:00.000Z","confidence":0.34826895594596863,"between":null,"provider":"meta","resource":"meta","version":"2026-08-10"},{"property":"/properties/confidence","dataset":"Overture","license":"CDLA-Permissive-2.0","record_id":null,"update_time":"2026-08-14T19:46:07Z","confidence":null,"between":null,"provider":"overture","resource":"confidence_calculation","version":"2026-08-14"}],"basic_category":"hindu_place_of_worship","taxonomy":{"primary":"hindu_place_of_worship","hierarchy":["cultural_and_historic","place_of_worship","hindu_place_of_worship"],"alternates":null},"version":9}},
{"id":"d91282c7-b5d2-4b16-9c73-936a3a5a211d","type":"Feature","geometry":{"type":"Point","coordinates":[78.26786525,21.46818969]},"properties":{"categories":{"primary":"grocery_store","alternate":["grocery_store","health_food_store"]},"confidence":0.33887988328933716,"socials":["https://www.facebook.com/110407483738442"],"brand":{"wikidata":null,"names":{"primary":null,"common":null,"rules":null}},"addresses":[{"freeform":"","locality":"Warud","postcode":"444906","region":"MH","country":"IN"}],"names":{"primary":"Motha Bhaji Bazaar","common":null,"rules":null},"sources":[{"property":"","dataset":"meta","license":"CDLA-Permissive-2.0","record_id":"110407483738442","update_time":"2026-08-10T00:00:00.000Z","confidence":0.33887988328933716,"between":null,"provider":"meta","resource":"meta","version":"2026-08-10"},{"property":"/properties/confidence","dataset":"Overture","license":"CDLA-Permissive-2.0","record_id":null,"update_time":"2026-08-14T19:46:07Z","confidence":null,"between":null,"provider":"overture","resource":"confidence_calculation","version":"2026-08-14"}],"basic_category":"food_and_beverage_store","taxonomy":{"primary":"grocery_store","hierarchy":["shopping","food_and_beverage_store","grocery_store"],"alternates":null},"version":9}},
{"id":"56c024d4-c04d-491b-83a9-21e5cff1c11c","type":"Feature","geometry":{"type":"Point","coordinates":[78.26776111,21.4685111]},"properties":{"categories":{"primary":"bank_credit_union","alternate":null},"confidence":0.9985607139825821,"websites":["https://near-me.hdfcbank.com/branch-atm-locator/hdfc-bank-atm-gayatri-nagar-atm-gayatri-nagar-amravati-19356/Home?utm_source=locator&utm_medium=bing"],"phones":["09426792001"],"addresses":[{"freeform":"Khandelwal Complex, Kedar Square, Gayatri Nagar","locality":"Warud","postcode":"444906","region":"Maharashtra","country":"IN"}],"names":{"primary":"HDFC Bank ATM","common":null,"rules":null},"sources":[{"property":"","dataset":"Microsoft","license":"CDLA-Permissive-2.0","record_id":"1688849863166045","update_time":"2023-06-12T09:58:33.250Z","confidence":0.85,"between":null,"provider":"microsoft","resource":"microsoft","version":"2025-10-20"},{"property":"/properties/confidence","dataset":"Overture","license":"CDLA-Permissive-2.0","record_id":null,"update_time":"2026-08-14T19:46:07Z","confidence":null,"between":null,"provider":"overture","resource":"confidence_calculation","version":"2026-08-14"}],"basic_category":"bank_or_credit_union","taxonomy":{"primary":"bank_or_credit_union","hierarchy":["services_and_business","financial_service","bank_or_credit_union"],"alternates":null},"version":11}},
{"id":"ae0cad0a-3faf-4bf3-80e7-33e91611cbc3","type":"Feature","geometry":{"type":"Point","coordinates":[78.2677601,21.468505]},"properties":{"categories":{"primary":"ethical_grocery","alternate":["data_recovery","sand_and_gravel_supplier","aggregate_supplier","masonry_concrete","it_service_and_computer_repair","business_to_business","retail"]},"confidence":0.9655,"websites":["https://stockbroker.hdfcsec.com/hdfc-securities-warud-stock-broker-warud-amravati-414369/Home?utm_source=locator&utm_medium=bing"],"phones":["09240237953"],"addresses":[{"freeform":"Khandelwal Complex, Warud","locality":"Amravati","postcode":"444906","region":"Maharashtra","country":"IN"}],"names":{"primary":"HDFC Securities - Warud","common":null,"rules":null},"sources":[{"property":"","dataset":"Microsoft","license":"CDLA-Permissive-2.0","record_id":"1688849866820870","update_time":"2025-06-23T12:52:24.690Z","confidence":0.85,"between":null,"provider":"microsoft","resource":"microsoft","version":"2025-10-20"},{"property":"/properties/confidence","dataset":"Overture","license":"CDLA-Permissive-2.0","record_id":null,"update_time":"2026-08-14T19:46:07Z","confidence":null,"between":null,"provider":"overture","resource":"confidence_calculation","version":"2026-08-14"}],"basic_category":"food_and_beverage_store","taxonomy":{"primary":"ethical_grocery_store","hierarchy":["shopping","food_and_beverage_store","grocery_store","ethical_grocery_store"],"alternates":null},"version":7}},
{"id":"6b075a5f-1a05-450e-a5f0-c3c647736458","type":"Feature","geometry":{"type":"Point","coordinates":[78.26776229776074,21.46847667116248]},"properties":{"categories":{"primary":"party_and_event_planning","alternate":["financial_service"]},"confidence":0.900137978196144,"socials":["https://www.facebook.com/513898598734322"],"phones":["+917229234700"],"brand":{"wikidata":null,"names":{"primary":null,"common":null,"rules":null}},"addresses":[{"freeform":null,"locality":"Warud","postcode":null,"region":"MH","country":"IN"}],"names":{"primary":"Manappuram Finance","common":null,"rules":null},"sources":[{"property":"","dataset":"meta","license":"CDLA-Permissive-2.0","record_id":"513898598734322","update_time":"2026-08-10T00:00:00.000Z","confidence":0.5658172965049744,"between":null,"provider":"meta","resource":"meta","version":"2026-08-10"},{"property":"/properties/confidence","dataset":"Overture","license":"CDLA-Permissive-2.0","record_id":null,"update_time":"2026-08-14T19:46:07Z","confidence":null,"between":null,"provider":"overture","resource":"confidence_calculation","version":"2026-08-14"}],"basic_category":"event_or_party_service","taxonomy":{"primary":"party_and_event_planning","hierarchy":["services_and_business","event_or_party_service","party_and_event_planning"],"alternates":null},"version":9}},
{"id":"b6460ba3-f27d-4383-82a9-4862afc73e30","type":"Feature","geometry":{"type":"Point","coordinates":[78.26855852,21.46724719]},"properties":{"categories":{"primary":"jewelry_store","alternate":null},"confidence":0.9615358710289001,"emails":["shrikantjewel@gmail.com"],"socials":["https://www.facebook.com/101711278773324"],"phones":["+917249663296"],"brand":{"wikidata":null,"names":{"primary":null,"common":null,"rules":null}},"addresses":[{"freeform":"Main Rd, near Dhanashree trading company","locality":"Warud","postcode":"444906","region":"MH","country":"IN"}],"names":{"primary":"Shrikant Jewellers","common":null,"rules":null},"sources":[{"property":"","dataset":"meta","license":"CDLA-Permissive-2.0","record_id":"101711278773324","update_time":"2026-08-10T00:00:00.000Z","confidence":0.9615358710289001,"between":null,"provider":"meta","resource":"meta","version":"2026-08-10"},{"property":"/properties/confidence","dataset":"Overture","license":"CDLA-Permissive-2.0","record_id":null,"update_time":"2026-08-14T19:46:07Z","confidence":null,"between":null,"provider":"overture","resource":"confidence_calculation","version":"2026-08-14"}],"basic_category":"fashion_and_apparel_store","taxonomy":{"primary":"jewelry_store","hierarchy":["shopping","fashion_and_apparel_store","jewelry_store"],"alternates":null},"version":8}},
{"id":"2e343dc8-f995-4aee-b9b0-d8c918804687","type":"Feature","geometry":{"type":"Point","coordinates":[78.26979717,21.46726556]},"properties":{"categories":{"primary":"police_department","alternate":["law_enforcement"]},"confidence":0.36553603410720825,"socials":["https://www.facebook.com/138212696842518"],"phones":["+917229232008"],"brand":{"wikidata":null,"names":{"primary":"Police Station Fardapur","common":null,"rules":null}},"addresses":[{"freeform":"Approach Rd, Near Sawata Temple","locality":"Warud","postcode":"444906","region":"MH","country":"IN"}],"names":{"primary":"Police Station","common":null,"rules":null},"sources":[{"property":"","dataset":"meta","license":"CDLA-Permissive-2.0","record_id":"138212696842518","update_time":"2026-08-10T00:00:00.000Z","confidence":0.36553603410720825,"between":null,"provider":"meta","resource":"meta","version":"2026-08-10"},{"property":"/properties/confidence","dataset":"Overture","license":"CDLA-Permissive-2.0","record_id":null,"update_time":"2026-08-14T19:46:07Z","confidence":null,"between":null,"provider":"overture","resource":"confidence_calculation","version":"2026-08-14"}],"basic_category":"police_station","taxonomy":{"primary":"police_station","hierarchy":["community_and_government","public_safety_service","police_station"],"alternates":null},"version":10}},
{"id":"596f1883-db09-4406-9b80-4e7037eeb5db","type":"Feature","geometry":{"type":"Point","coordinates":[78.26974663,21.46820089]},"properties":{"categories":{"primary":"real_estate_service","alternate":null},"confidence":0.36606448888778687,"socials":["https://www.facebook.com/1375604405826482"],"phones":["+918007506269"],"brand":{"wikidata":null,"names":{"primary":null,"common":null,"rules":null}},"addresses":[{"freeform":"Shop No. 12, P. D. Kanya School & Complex, Police Station Rd","locality":"Warud","postcode":"444906","region":"MH","country":"IN"}],"names":{"primary":"Raj Associates Property Solutions","common":null,"rules":null},"sources":[{"property":"","dataset":"meta","license":"CDLA-Permissive-2.0","record_id":"1375604405826482","update_time":"2026-08-10T00:00:00.000Z","confidence":0.36606448888778687,"between":null,"provider":"meta","resource":"meta","version":"2026-08-10"},{"property":"/properties/confidence","dataset":"Overture","license":"CDLA-Permissive-2.0","record_id":null,"update_time":"2026-08-14T19:46:07Z","confidence":null,"between":null,"provider":"overture","resource":"confidence_calculation","version":"2026-08-14"}],"basic_category":"real_estate_service","taxonomy":{"primary":"real_estate_service","hierarchy":["services_and_business","real_estate_service"],"alternates":null},"version":2}},
{"id":"80075676-d27c-4688-982e-b28665144c64","type":"Feature","geometry":{"type":"Point","coordinates":[78.26988875,21.46851843]},"properties":{"categories":{"primary":"cinema","alternate":["theatre"]},"confidence":0.6553381681442261,"socials":["https://www.facebook.com/144909522836484"],"phones":["+919422955990"],"brand":{"wikidata":null,"names":{"primary":null,"common":null,"rules":null}},"addresses":[{"freeform":"Warud Road","locality":"Warud","postcode":"444906","region":"MH","country":"IN"}],"names":{"primary":"Vijay Theatre","common":null,"rules":null},"sources":[{"property":"","dataset":"meta","license":"CDLA-Permissive-2.0","record_id":"144909522836484","update_time":"2026-08-10T00:00:00.000Z","confidence":0.6553381681442261,"between":null,"provider":"meta","resource":"meta","version":"2026-08-10"},{"property":"/properties/confidence","dataset":"Overture","license":"CDLA-Permissive-2.0","record_id":null,"update_time":"2026-08-14T19:46:07Z","confidence":null,"between":null,"provider":"overture","resource":"confidence_calculation","version":"2026-08-14"}],"basic_category":"movie_theater","taxonomy":{"primary":"movie_theater","hierarchy":["arts_and_entertainment","movie_theater"],"alternates":null},"version":2}},
{"id":"3ce725f3-d598-4a7c-a169-5eb7b692ae1c","type":"Feature","geometry":{"type":"Point","coordinates":[78.269899,21.468936]},"properties":{"categories":{"primary":"bank_credit_union","alternate":["atms","business_banking_service"]},"confidence":0.85,"websites":["https://branch-atm-locator.bankofmaharashtra.in/bank-of-maharashtra-warud-amravati-public-sector-bank-warud-amravati-100689/Home?utm_source=locator&utm_medium=bing"],"phones":["18002334526"],"addresses":[{"freeform":"Kale Complex","locality":"Warud","postcode":"444906","region":"Maharashtra","country":"IN"}],"names":{"primary":"Bank of Maharashtra","common":null,"rules":null},"sources":[{"property":"","dataset":"Microsoft","license":"CDLA-Permissive-2.0","record_id":"1688849863850813","update_time":"2023-11-09T06:28:36.917Z","confidence":0.85,"between":null,"provider":"microsoft","resource":"microsoft","version":"2025-10-20"},{"property":"/properties/confidence","dataset":"Overture","license":"CDLA-Permissive-2.0","record_id":null,"update_time":"2026-08-14T19:46:07Z","confidence":null,"between":null,"provider":"overture","resource":"confidence_calculation","version":"2026-08-14"}],"basic_category":"bank_or_credit_union","taxonomy":{"primary":"bank_or_credit_union","hierarchy":["services_and_business","financial_service","bank_or_credit_union"],"alternates":null},"version":8}},
{"id":"270e5a8c-461c-44e9-8c6b-d1f1efd5d6fb","type":"Feature","geometry":{"type":"Point","coordinates":[78.26884977,21.4689268]},"properties":{"categories":{"primary":"naturopathic_holistic","alternate":["health_and_medical"]},"confidence":0.28745803236961365,"emails":["shreevaidyamayurved@gmail.com"],"socials":["https://www.facebook.com/1179224908616879"],"phones":["+919272025564"],"brand":{"wikidata":null,"names":{"primary":null,"common":null,"rules":null}},"addresses":[{"freeform":"Main Rd, beside New Bharat cloth store","locality":"Warud","postcode":"444906","region":"MH","country":"IN"}],"names":{"primary":"Shree vaidyam ayurved panchkarma Clinic","common":null,"rules":null},"sources":[{"property":"","dataset":"meta","license":"CDLA-Permissive-2.0","record_id":"1179224908616879","update_time":"2026-08-10T00:00:00.000Z","confidence":0.28745803236961365,"between":null,"provider":"meta","resource":"meta","version":"2026-08-10"},{"property":"/properties/confidence","dataset":"Overture","license":"CDLA-Permissive-2.0","record_id":null,"update_time":"2026-08-14T19:46:07Z","confidence":null,"between":null,"provider":"overture","resource":"confidence_calculation","version":"2026-08-14"}],"basic_category":"complementary_and_alternative_medicine","taxonomy":{"primary":"naturopathic_medicine","hierarchy":["health_care","outpatient_care_facility","complementary_and_alternative_medicine","naturopathic_medicine"],"alternates":null},"version":1}},
{"id":"6a2aaa82-9ae7-4c51-bb8c-e610456e140e","type":"Feature","geometry":{"type":"Point","coordinates":[78.2689531,21.4691625]},"properties":{"categories":{"primary":"banks","alternate":null},"confidence":0.77,"websites":["https://locate.au.bank.in/au-small-finance-bank-warud-banks-warud-amravati-522642/Home"],"phones":["1800 31 3313"],"addresses":[{"freeform":"1st Floor, Thakare Complex","locality":"Amravati","postcode":"444906","region":"Maharashtra","country":"IN"}],"names":{"primary":"AU Small Finance Bank","common":null,"rules":null},"sources":[{"property":"","dataset":"Foursquare","license":"Apache-2.0","record_id":"6963b425a819ca242abccd9f","update_time":"2026-01-11T00:00:00.000","confidence":0.77,"between":null,"provider":"foursquare","resource":"foursquare","version":"2026-04-14"},{"property":"/properties/confidence","dataset":"Overture","license":"CDLA-Permissive-2.0","record_id":null,"update_time":"2026-08-14T19:46:07Z","confidence":null,"between":null,"provider":"overture","resource":"confidence_calculation","version":"2026-08-14"}],"basic_category":"bank_or_credit_union","taxonomy":{"primary":"bank","hierarchy":["services_and_business","financial_service","bank_or_credit_union","bank"],"alternates":null},"version":2}},
{"id":"51539a8a-cccd-4e45-976a-4e245b478771","type":"Feature","geometry":{"type":"Point","coordinates":[78.26889334,21.46938455]},"properties":{"categories":{"primary":"shopping","alternate":["shopping_center"]},"confidence":0.41142547130584717,"socials":["https://www.facebook.com/110107140422226"],"brand":{"wikidata":null,"names":{"primary":null,"common":null,"rules":null}},"addresses":[{"freeform":"Main Road, Motha Bhaji Bazar, Shaniwar Peth","locality":"Warud","postcode":"444906","region":"MH","country":"IN"}],"names":{"primary":"Chambole Alankar","common":null,"rules":null},"sources":[{"property":"","dataset":"meta","license":"CDLA-Permissive-2.0","record_id":"110107140422226","update_time":"2026-08-10T00:00:00.000Z","confidence":0.41142547130584717,"between":null,"provider":"meta","resource":"meta","version":"2026-08-10"},{"property":"/properties/confidence","dataset":"Overture","license":"CDLA-Permissive-2.0","record_id":null,"update_time":"2026-08-14T19:46:07Z","confidence":null,"between":null,"provider":"overture","resource":"confidence_calculation","version":"2026-08-14"}],"basic_category":"shopping","taxonomy":{"primary":"shopping","hierarchy":["shopping"],"alternates":null},"version":3}},
{"id":"128f14e9-00b7-4263-8239-c1be1ab41b63","type":"Feature","geometry":{"type":"Point","coordinates":[78.2688953,21.46938264]},"properties":{"categories":{"primary":"shopping","alternate":["bar"]},"confidence":0.5174524784088135,"socials":["https://www.facebook.com/109524543814317"],"brand":{"wikidata":null,"names":{"primary":null,"common":null,"rules":null}},"addresses":[{"freeform":"Main Road, Motha Bhaji Bazar, Shaniwar Peth","locality":"Warud","postcode":"444906","region":"MH","country":"IN"}],"names":{"primary":"Sayali Metal","common":null,"rules":null},"sources":[{"property":"","dataset":"meta","license":"CDLA-Permissive-2.0","record_id":"109524543814317","update_time":"2026-08-10T00:00:00.000Z","confidence":0.5174524784088135,"between":null,"provider":"meta","resource":"meta","version":"2026-08-10"},{"property":"/properties/confidence","dataset":"Overture","license":"CDLA-Permissive-2.0","record_id":null,"update_time":"2026-08-14T19:46:07Z","confidence":null,"between":null,"provider":"overture","resource":"confidence_calculation","version":"2026-08-14"}],"basic_category":"shopping","taxonomy":{"primary":"shopping","hierarchy":["shopping"],"alternates":null},"version":11}},
{"id":"5fa44d50-085c-4d77-af8d-fca193678dbc","type":"Feature","geometry":{"type":"Point","coordinates":[78.269082068873,21.469455939294]},"properties":{"categories":{"primary":"mens_clothing_store","alternate":null},"confidence":0.6525319814682007,"emails":["brandcollectionwarud@gmail.com"],"socials":["https://www.facebook.com/110217550859119"],"phones":["+919370512632"],"brand":{"wikidata":null,"names":{"primary":null,"common":null,"rules":null}},"addresses":[{"freeform":"Setter No.10, Bombay Lounge, Kedar Chowk,Bhoyar Complex,Warud.  ","locality":"Warud","postcode":"444906","region":"MH","country":"IN"}],"names":{"primary":"BRAND Mens Collection Warud","common":null,"rules":null},"sources":[{"property":"","dataset":"meta","license":"CDLA-Permissive-2.0","record_id":"110217550859119","update_time":"2026-08-10T00:00:00.000Z","confidence":0.6525319814682007,"between":null,"provider":"meta","resource":"meta","version":"2026-08-10"},{"property":"/properties/confidence","dataset":"Overture","license":"CDLA-Permissive-2.0","record_id":null,"update_time":"2026-08-14T19:46:07Z","confidence":null,"between":null,"provider":"overture","resource":"confidence_calculation","version":"2026-08-14"}],"basic_category":"fashion_and_apparel_store","taxonomy":{"primary":"mens_clothing_store","hierarchy":["shopping","fashion_and_apparel_store","clothing_store","mens_clothing_store"],"alternates":null},"version":8}},
{"id":"b8cf74af-16a9-4093-ba11-9df47d744121","type":"Feature","geometry":{"type":"Point","coordinates":[78.26959943,21.4706987]},"properties":{"categories":{"primary":"hospital","alternate":["health_and_medical"]},"confidence":0.5885863304138184,"socials":["https://www.facebook.com/515773218804205"],"brand":{"wikidata":null,"names":{"primary":null,"common":null,"rules":null}},"addresses":[{"freeform":"Warud Road","locality":"Warud","postcode":"444906","region":"MH","country":"IN"}],"names":{"primary":"Srad Deshmukh Hospital","common":null,"rules":null},"sources":[{"property":"","dataset":"meta","license":"CDLA-Permissive-2.0","record_id":"515773218804205","update_time":"2026-08-10T00:00:00.000Z","confidence":0.5885863304138184,"between":null,"provider":"meta","resource":"meta","version":"2026-08-10"},{"property":"/properties/confidence","dataset":"Overture","license":"CDLA-Permissive-2.0","record_id":null,"update_time":"2026-08-14T19:46:07Z","confidence":null,"between":null,"provider":"overture","resource":"confidence_calculation","version":"2026-08-14"}],"basic_category":"hospital","taxonomy":{"primary":"hospital","hierarchy":["health_care","hospital"],"alternates":null},"version":8}},
{"id":"b0797770-972a-4a75-a7ea-7c2b6868998c","type":"Feature","geometry":{"type":"Point","coordinates":[78.26980983,21.46964864]},"properties":{"categories":{"primary":"printing_services","alternate":["sign_making","screen_printing_t_shirt_printing"]},"confidence":0.18514250218868256,"emails":["grabclever@gmail.com"],"socials":["https://www.facebook.com/831511950042297"],"phones":["+918182918291"],"brand":{"wikidata":null,"names":{"primary":null,"common":null,"rules":null}},"addresses":[{"freeform":"Infrount of post office Post office, Main Rd","locality":"Warud","postcode":"444906","region":"MH","country":"IN"}],"names":{"primary":"Art Zone","common":null,"rules":null},"sources":[{"property":"","dataset":"meta","license":"CDLA-Permissive-2.0","record_id":"831511950042297","update_time":"2026-08-10T00:00:00.000Z","confidence":0.18514250218868256,"between":null,"provider":"meta","resource":"meta","version":"2026-08-10"},{"property":"/properties/confidence","dataset":"Overture","license":"CDLA-Permissive-2.0","record_id":null,"update_time":"2026-08-14T19:46:07Z","confidence":null,"between":null,"provider":"overture","resource":"confidence_calculation","version":"2026-08-14"}],"basic_category":"printing_service","taxonomy":{"primary":"printing_service","hierarchy":["services_and_business","printing_service"],"alternates":null},"version":6}},
{"id":"d907d769-c918-4961-848b-3bbf3a405a53","type":"Feature","geometry":{"type":"Point","coordinates":[78.2714269,21.46818748]},"properties":{"categories":{"primary":"active_life","alternate":null},"confidence":0.5829804539680481,"socials":["https://www.facebook.com/110176891538767"],"phones":["+919970404188"],"brand":{"wikidata":null,"names":{"primary":null,"common":null,"rules":null}},"addresses":[{"freeform":"Police Station Rd, near marathi school ground","locality":"Warud","postcode":"444906","region":"MH","country":"IN"}],"names":{"primary":"Pavan Khasbage Fitness and Supplement","common":null,"rules":null},"sources":[{"property":"","dataset":"meta","license":"CDLA-Permissive-2.0","record_id":"110176891538767","update_time":"2026-08-10T00:00:00.000Z","confidence":0.5829804539680481,"between":null,"provider":"meta","resource":"meta","version":"2026-08-10"},{"property":"/properties/confidence","dataset":"Overture","license":"CDLA-Permissive-2.0","record_id":null,"update_time":"2026-08-14T19:46:07Z","confidence":null,"between":null,"provider":"overture","resource":"confidence_calculation","version":"2026-08-14"}],"basic_category":"sports_and_recreation","taxonomy":{"primary":"sports_and_recreation","hierarchy":["sports_and_recreation"],"alternates":null},"version":10}},
{"id":"b0351e6e-61f4-4d36-85ca-64e61bd6006d","type":"Feature","geometry":{"type":"Point","coordinates":[78.271736,21.467522]},"properties":{"categories":{"primary":"jewelry_store","alternate":null},"confidence":0.85,"websites":["https://nearme.bajajfinserv.in/gold-loan/bajaj-finserv-gold-loan-warud-indira-chowk-loan-agency-warud-warud-266333/Home?utm_source=locator&utm_medium=bing"],"phones":["02047170999"],"addresses":[{"freeform":"Ground Floor, Gonarkar Complex, Indira Chowk, Warud","locality":"Amravati","postcode":"444906","region":"Maharashtra","country":"IN"}],"names":{"primary":"Bajaj Finserv Gold Loan","common":null,"rules":null},"sources":[{"property":"","dataset":"Microsoft","license":"CDLA-Permissive-2.0","record_id":"1688849865671774","update_time":"2025-06-10T11:11:45.547Z","confidence":0.85,"between":null,"provider":"microsoft","resource":"microsoft","version":"2025-10-20"},{"property":"/properties/confidence","dataset":"Overture","license":"CDLA-Permissive-2.0","record_id":null,"update_time":"2026-08-14T19:46:07Z","confidence":null,"between":null,"provider":"overture","resource":"confidence_calculation","version":"2026-08-14"}],"basic_category":"fashion_and_apparel_store","taxonomy":{"primary":"jewelry_store","hierarchy":["shopping","fashion_and_apparel_store","jewelry_store"],"alternates":null},"version":7}},
{"id":"6a1bd6d7-b487-4451-a385-5254e4d94f01","type":"Feature","geometry":{"type":"Point","coordinates":[78.273251,21.468031]},"properties":{"categories":{"primary":"bank_credit_union","alternate":["business_banking_service"]},"confidence":0.9655,"websites":["https://locate.iob.in/indian-overseas-bank-warud-public-sector-bank-warud-amravati-379988/Home?utm_source=locator&utm_medium=bing"],"phones":["08925953543"],"addresses":[{"freeform":"NPP 269, Ward No 01, Multai Road, Warud","locality":"Amravati","postcode":"444906","region":"Maharashtra","country":"IN"}],"names":{"primary":"Indian Overseas Bank","common":null,"rules":null},"sources":[{"property":"","dataset":"Microsoft","license":"CDLA-Permissive-2.0","record_id":"1688849866671369","update_time":"2025-06-18T06:56:28.640Z","confidence":0.85,"between":null,"provider":"microsoft","resource":"microsoft","version":"2025-10-20"},{"property":"/properties/confidence","dataset":"Overture","license":"CDLA-Permissive-2.0","record_id":null,"update_time":"2026-08-14T19:46:07Z","confidence":null,"between":null,"provider":"overture","resource":"confidence_calculation","version":"2026-08-14"}],"basic_category":"bank_or_credit_union","taxonomy":{"primary":"bank_or_credit_union","hierarchy":["services_and_business","financial_service","bank_or_credit_union"],"alternates":null},"version":9}},
{"id":"b5487bb2-bea2-4d9a-acd4-ce97ad1bf396","type":"Feature","geometry":{"type":"Point","coordinates":[78.273251,21.468027]},"properties":{"categories":{"primary":"banks","alternate":null},"confidence":0.77,"websites":["https://locate.iob.in/indian-overseas-bank-atm-warud-public-sector-bank-warud-amravati-396044/Home"],"phones":["089259 53543"],"addresses":[{"freeform":"No NPP/269,Ward No 01, Multai Road, RTO Chowk","locality":"Amravati","postcode":"444906","region":"Maharashtra","country":"IN"}],"names":{"primary":"Indian Overseas Bank - ATM","common":null,"rules":null},"sources":[{"property":"","dataset":"Foursquare","license":"Apache-2.0","record_id":"67e3a5682ebfe449601e737c","update_time":"2025-03-26T00:00:00.000","confidence":0.77,"between":null,"provider":"foursquare","resource":"foursquare","version":"2026-04-14"},{"property":"/properties/confidence","dataset":"Overture","license":"CDLA-Permissive-2.0","record_id":null,"update_time":"2026-08-14T19:46:07Z","confidence":null,"between":null,"provider":"overture","resource":"confidence_calculation","version":"2026-08-14"}],"basic_category":"bank_or_credit_union","taxonomy":{"primary":"bank","hierarchy":["services_and_business","financial_service","bank_or_credit_union","bank"],"alternates":null},"version":1}},
{"id":"6c1a2cad-324b-4787-9b35-7034a126743d","type":"Feature","geometry":{"type":"Point","coordinates":[78.27243476,21.46886929]},"properties":{"categories":{"primary":"education","alternate":["school","middle_school"]},"confidence":0.3956981599330902,"socials":["https://www.facebook.com/134316183929447"],"brand":{"wikidata":null,"names":{"primary":null,"common":null,"rules":null}},"addresses":[{"freeform":"","locality":"Warud","postcode":"444906","region":"MH","country":"IN"}],"names":{"primary":"Doctor S Deshmukh Jagrut Primary School","common":null,"rules":null},"sources":[{"property":"","dataset":"meta","license":"CDLA-Permissive-2.0","record_id":"134316183929447","update_time":"2026-08-10T00:00:00.000Z","confidence":0.3956981599330902,"between":null,"provider":"meta","resource":"meta","version":"2026-08-10"},{"property":"/properties/confidence","dataset":"Overture","license":"CDLA-Permissive-2.0","record_id":null,"update_time":"2026-08-14T19:46:07Z","confidence":null,"between":null,"provider":"overture","resource":"confidence_calculation","version":"2026-08-14"}],"basic_category":"education","taxonomy":{"primary":"education","hierarchy":["education"],"alternates":null},"version":11}},
{"id":"5b4fe18a-3a0f-46af-8ceb-de5966b02dc2","type":"Feature","geometry":{"type":"Point","coordinates":[78.273018,21.468886]},"properties":{"categories":{"primary":"stock_and_bond_brokers","alternate":null},"confidence":0.85,"websites":["https://stockbroker.motilaloswal.com/motilal-oswal-financial-services-limited-manish-nilkanthrao-mendhe-stock-broker-indra-chowk-amravati-45582/Home?utm_source=locator&utm_medium=bing"],"phones":["09731016307"],"addresses":[{"freeform":"1st Floor, Bhawani Complex, Indra Chowk","locality":"Warud","postcode":"444906","region":"Maharashtra","country":"IN"}],"names":{"primary":"Motilal Oswal Financial Services Limited","common":null,"rules":null},"sources":[{"property":"","dataset":"Microsoft","license":"CDLA-Permissive-2.0","record_id":"1688849863573824","update_time":"2022-02-24T17:34:12.537Z","confidence":0.85,"between":null,"provider":"microsoft","resource":"microsoft","version":"2025-10-20"},{"property":"/properties/confidence","dataset":"Overture","license":"CDLA-Permissive-2.0","record_id":null,"update_time":"2026-08-14T19:46:07Z","confidence":null,"between":null,"provider":"overture","resource":"confidence_calculation","version":"2026-08-14"}],"basic_category":"financial_service","taxonomy":{"primary":"stock_and_bond_broker","hierarchy":["services_and_business","financial_service","broker","stock_and_bond_broker"],"alternates":null},"version":6}},
{"id":"a911c9a4-4956-4ada-8aa3-db5c9a8743b8","type":"Feature","geometry":{"type":"Point","coordinates":[78.2730561,21.46920255]},"properties":{"categories":{"primary":"hair_salon","alternate":null},"confidence":0.30918774008750916,"emails":["tusharkade@gmail.com"],"socials":["https://www.facebook.com/270177427009527"],"phones":["+918999205563"],"brand":{"wikidata":null,"names":{"primary":null,"common":null,"rules":null}},"addresses":[{"freeform":"MH SH 244","locality":"Warud","postcode":"444906","region":"MH","country":"IN"}],"names":{"primary":"New Kale Traders,Warud","common":null,"rules":null},"sources":[{"property":"","dataset":"meta","license":"CDLA-Permissive-2.0","record_id":"270177427009527","update_time":"2026-08-10T00:00:00.000Z","confidence":0.30918774008750916,"between":null,"provider":"meta","resource":"meta","version":"2026-08-10"},{"property":"/properties/confidence","dataset":"Overture","license":"CDLA-Permissive-2.0","record_id":null,"update_time":"2026-08-14T19:46:07Z","confidence":null,"between":null,"provider":"overture","resource":"confidence_calculation","version":"2026-08-14"}],"basic_category":"personal_or_beauty_service","taxonomy":{"primary":"hair_salon","hierarchy":["lifestyle_services","personal_or_beauty_service","hair_salon"],"alternates":null},"version":2}},
{"id":"00569c2d-d1f6-4583-878e-0713c52b9036","type":"Feature","geometry":{"type":"Point","coordinates":[78.27340071,21.46845144]},"properties":{"categories":{"primary":"central_government_office","alternate":["bank_credit_union","public_and_government_association"]},"confidence":0.2530370056629181,"socials":["https://www.facebook.com/101329017996198"],"brand":{"wikidata":null,"names":{"primary":null,"common":null,"rules":null}},"addresses":[{"freeform":"Rashtrsant Colony","locality":"Warud","postcode":"444906","region":"MH","country":"IN"}],"names":{"primary":"Warud Taluka Sarkari and Nimsarkari Karmchari Sahkari Patsanstha","common":null,"rules":null},"sources":[{"property":"","dataset":"meta","license":"CDLA-Permissive-2.0","record_id":"101329017996198","update_time":"2026-08-10T00:00:00.000Z","confidence":0.2530370056629181,"between":null,"provider":"meta","resource":"meta","version":"2026-08-10"},{"property":"/properties/confidence","dataset":"Overture","license":"CDLA-Permissive-2.0","record_id":null,"update_time":"2026-08-14T19:46:07Z","confidence":null,"between":null,"provider":"overture","resource":"confidence_calculation","version":"2026-08-14"}],"basic_category":"government_office","taxonomy":{"primary":"government_office","hierarchy":["community_and_government","government_office"],"alternates":null},"version":6}},
{"id":"d9da5233-e958-4859-810a-d79430f52f89","type":"Feature","geometry":{"type":"Point","coordinates":[78.274369239807,21.468086074103]},"properties":{"categories":{"primary":"school","alternate":["middle_school","education"]},"confidence":0.8975745439529419,"websites":["https://schoolofscholars.co.in/sos_warud/"],"emails":["sunit.dubey@schoolofscholars.co.in"],"socials":["https://www.facebook.com/368043540374422"],"phones":["+918390394003"],"brand":{"wikidata":null,"names":{"primary":"School of Scholars, Akola","common":null,"rules":null}},"addresses":[{"freeform":"Survey No 477/1/A Isambari Road ,Warud","locality":"Warud","postcode":"444906","region":"MH","country":"IN"}],"names":{"primary":"School of Scholars, Warud","common":null,"rules":null},"sources":[{"property":"","dataset":"meta","license":"CDLA-Permissive-2.0","record_id":"368043540374422","update_time":"2026-08-10T00:00:00.000Z","confidence":0.8975745439529419,"between":null,"provider":"meta","resource":"meta","version":"2026-08-10"},{"property":"/properties/confidence","dataset":"Overture","license":"CDLA-Permissive-2.0","record_id":null,"update_time":"2026-08-14T19:46:07Z","confidence":null,"between":null,"provider":"overture","resource":"confidence_calculation","version":"2026-08-14"}],"basic_category":"place_of_learning","taxonomy":{"primary":"school","hierarchy":["education","place_of_learning","school"],"alternates":null},"version":9}},
{"id":"20d01a1f-5fdd-4439-8de9-dafc6d5d2efb","type":"Feature","geometry":{"type":"Point","coordinates":[78.2731442,21.4699829]},"properties":{"categories":{"primary":"credit_union","alternate":null},"confidence":0.85,"websites":["https://www.cholamandalam.com/branch/rashtrsant-colony"],"phones":["08044465104"],"addresses":[{"freeform":"1st Floor, Ring Road, Rashtrsant Colony, Near Datta Mandir","locality":"Warud","postcode":"444906","region":"Maharashtra","country":"IN"}],"names":{"primary":"Cholamandalam Investment and Finance Company Limited","common":null,"rules":null},"sources":[{"property":"","dataset":"Microsoft","license":"CDLA-Permissive-2.0","record_id":"1970324842298226","update_time":"2025-10-14T20:11:25.333Z","confidence":0.85,"between":null,"provider":"microsoft","resource":"microsoft","version":"2025-10-20"},{"property":"/properties/confidence","dataset":"Overture","license":"CDLA-Permissive-2.0","record_id":null,"update_time":"2026-08-14T19:46:07Z","confidence":null,"between":null,"provider":"overture","resource":"confidence_calculation","version":"2026-08-14"}],"basic_category":"bank_or_credit_union","taxonomy":{"primary":"credit_union","hierarchy":["services_and_business","financial_service","bank_or_credit_union","credit_union"],"alternates":null},"version":7}},
{"id":"a06d3270-299a-407c-836e-dbfcf5bd69ca","type":"Feature","geometry":{"type":"Point","coordinates":[78.2729,21.4696]},"properties":{"confidence":0.6968411803245544,"emails":["advashishwankhade@gmail.com"],"socials":["https://www.facebook.com/698402940261355"],"phones":["+919421819282"],"brand":{"wikidata":null,"names":{"primary":null,"common":null,"rules":null}},"addresses":[{"freeform":"Ande Wadi, near court, Warud","locality":"Warud","postcode":"444906","region":"MH","country":"IN"}],"names":{"primary":"Californiya Cricket Academy, Warud","common":null,"rules":null},"sources":[{"property":"","dataset":"meta","license":"CDLA-Permissive-2.0","record_id":"698402940261355","update_time":"2026-08-10T00:00:00.000Z","confidence":0.6968411803245544,"between":null,"provider":"meta","resource":"meta","version":"2026-08-10"},{"property":"/properties/confidence","dataset":"Overture","license":"CDLA-Permissive-2.0","record_id":null,"update_time":"2026-08-14T19:46:07Z","confidence":null,"between":null,"provider":"overture","resource":"confidence_calculation","version":"2026-08-14"}],"basic_category":"sport_league","version":9}},
{"id":"3f60c60a-2d3e-4b99-a788-edf08838571d","type":"Feature","geometry":{"type":"Point","coordinates":[78.27249766,21.46960229]},"properties":{"categories":{"primary":"home_goods_store","alternate":["hardware_store","home_improvement_store"]},"confidence":0.4539603888988495,"socials":["https://www.facebook.com/131514037412677"],"brand":{"wikidata":null,"names":{"primary":null,"common":null,"rules":null}},"addresses":[{"freeform":"MH SH 244","locality":"Warud","postcode":"444906","region":"MH","country":"IN"}],"names":{"primary":"Sai tiles","common":null,"rules":null},"sources":[{"property":"","dataset":"meta","license":"CDLA-Permissive-2.0","record_id":"131514037412677","update_time":"2026-08-10T00:00:00.000Z","confidence":0.4539603888988495,"between":null,"provider":"meta","resource":"meta","version":"2026-08-10"},{"property":"/properties/confidence","dataset":"Overture","license":"CDLA-Permissive-2.0","record_id":null,"update_time":"2026-08-14T19:46:07Z","confidence":null,"between":null,"provider":"overture","resource":"confidence_calculation","version":"2026-08-14"}],"basic_category":"hardware_home_and_garden_store","taxonomy":{"primary":"home_goods_store","hierarchy":["shopping","specialty_store","hardware_home_and_garden_store","home_goods_store"],"alternates":null},"version":10}},
{"id":"fc4bac98-32ba-4dd4-a196-54d9710e46fe","type":"Feature","geometry":{"type":"Point","coordinates":[78.2730401,21.4727663]},"properties":{"categories":{"primary":"shoe_store","alternate":null},"confidence":0.77,"websites":["https://stores.paragonfootwear.com/paragon-footwear-new-chethan-enterprises-shoe-shop-warud-amravati-310953/Home"],"phones":["098344 57952"],"addresses":[{"freeform":"Ground Floor,Pardi Chowk, Ring Road","locality":"Amravati","postcode":"444906","region":"Maharashtra","country":"IN"}],"names":{"primary":"Paragon Footwear","common":null,"rules":null},"sources":[{"property":"","dataset":"Foursquare","license":"Apache-2.0","record_id":"6603b9930c2b81371f5af0b3","update_time":"2024-03-27T00:00:00.000","confidence":0.77,"between":null,"provider":"foursquare","resource":"foursquare","version":"2026-04-14"},{"property":"/properties/confidence","dataset":"Overture","license":"CDLA-Permissive-2.0","record_id":null,"update_time":"2026-08-14T19:46:07Z","confidence":null,"between":null,"provider":"overture","resource":"confidence_calculation","version":"2026-08-14"}],"basic_category":"fashion_and_apparel_store","taxonomy":{"primary":"shoe_store","hierarchy":["shopping","fashion_and_apparel_store","shoe_store"],"alternates":null},"version":5}},
{"id":"70b8dc6d-ee1d-435c-9984-23ab897a5649","type":"Feature","geometry":{"type":"Point","coordinates":[78.273232653737,21.473045783202]},"properties":{"categories":{"primary":"hotel","alternate":["theme_restaurant"]},"confidence":0.6498056054115295,"websites":["https://instagram.com/natutefoodfamilyeestaurant?igshid=Yzg5MTU1MDY%3D"],"socials":["https://www.facebook.com/110762601614493"],"phones":["+919096157035"],"brand":{"wikidata":null,"names":{"primary":null,"common":null,"rules":null}},"addresses":[{"freeform":"Multai Road, Sane Guruji Colony, Warud,","locality":"Warud","postcode":"444906","region":"MH","country":"IN"}],"names":{"primary":"Hotel Nature Food","common":null,"rules":null},"sources":[{"property":"","dataset":"meta","license":"CDLA-Permissive-2.0","record_id":"110762601614493","update_time":"2026-08-10T00:00:00.000Z","confidence":0.6498056054115295,"between":null,"provider":"meta","resource":"meta","version":"2026-08-10"},{"property":"/properties/confidence","dataset":"Overture","license":"CDLA-Permissive-2.0","record_id":null,"update_time":"2026-08-14T19:46:07Z","confidence":null,"between":null,"provider":"overture","resource":"confidence_calculation","version":"2026-08-14"}],"basic_category":"hotel","taxonomy":{"primary":"hotel","hierarchy":["lodging","hotel"],"alternates":null},"version":8}},
{"id":"939b269f-272c-4a48-af2f-8363d48b6a3d","type":"Feature","geometry":{"type":"Point","coordinates":[78.275985756783,21.472239558819]},"properties":{"categories":{"primary":"car_dealer","alternate":null},"confidence":0.8786553740501404,"websites":["http://www.ketan.hyundaimotor.in/"],"socials":["https://www.facebook.com/103135011543440"],"brand":{"wikidata":null,"names":{"primary":null,"common":null,"rules":null}},"addresses":[{"freeform":"C/o Laxmi Narayan Saw Mill, Gajanan Mandir Road, Shaniwar Peth, Warud","locality":"Warud","postcode":"444906","region":"MH","country":"IN"}],"names":{"primary":"Ketan Hyundai, Warud","common":null,"rules":null},"sources":[{"property":"","dataset":"meta","license":"CDLA-Permissive-2.0","record_id":"103135011543440","update_time":"2026-08-10T00:00:00.000Z","confidence":0.8786553740501404,"between":null,"provider":"meta","resource":"meta","version":"2026-08-10"},{"property":"/properties/confidence","dataset":"Overture","license":"CDLA-Permissive-2.0","record_id":null,"update_time":"2026-08-14T19:46:07Z","confidence":null,"between":null,"provider":"overture","resource":"confidence_calculation","version":"2026-08-14"}],"basic_category":"auto_dealer","taxonomy":{"primary":"auto_dealer","hierarchy":["shopping","vehicle_dealer","auto_dealer"],"alternates":null},"version":8}},
{"id":"7e4f9520-2f27-4913-9d72-e3bf54f9b7ed","type":"Feature","geometry":{"type":"Point","coordinates":[78.2747057,21.47408908]},"properties":{"categories":{"primary":"cafe","alternate":["tea_room","coffee_shop"]},"confidence":0.669073224067688,"websites":["http://www.cafeheshentea.co.in/"],"emails":["cafeheshentea@gmail.com"],"socials":["https://www.facebook.com/103509538270600"],"phones":["+919011003323"],"brand":{"wikidata":null,"names":{"primary":null,"common":null,"rules":null}},"addresses":[{"freeform":"Ring Rd","locality":"Warud","postcode":"444906","region":"MH","country":"IN"}],"names":{"primary":"Cafe He She N Tea","common":null,"rules":null},"sources":[{"property":"","dataset":"meta","license":"CDLA-Permissive-2.0","record_id":"103509538270600","update_time":"2026-08-10T00:00:00.000Z","confidence":0.669073224067688,"between":null,"provider":"meta","resource":"meta","version":"2026-08-10"},{"property":"/properties/confidence","dataset":"Overture","license":"CDLA-Permissive-2.0","record_id":null,"update_time":"2026-08-14T19:46:07Z","confidence":null,"between":null,"provider":"overture","resource":"confidence_calculation","version":"2026-08-14"}],"basic_category":"cafe","taxonomy":{"primary":"cafe","hierarchy":["food_and_drink","casual_eatery","cafe"],"alternates":null},"version":3}},
{"id":"5ff3aef4-850c-452b-bc1c-06d066fd9fe0","type":"Feature","geometry":{"type":"Point","coordinates":[78.27592068,21.47399068]},"properties":{"categories":{"primary":"community_services_non_profits","alternate":["community_services_non_profits","charity_organization"]},"confidence":0.20060305297374725,"emails":["sahajivansocialclub@gmail.com"],"socials":["https://www.facebook.com/106314117521787"],"phones":["+918698068069"],"brand":{"wikidata":null,"names":{"primary":null,"common":null,"rules":null}},"addresses":[{"freeform":"","locality":"Warud","postcode":"444906","region":"MH","country":"IN"}],"names":{"primary":"Sahajivan Social Club","common":null,"rules":null},"sources":[{"property":"","dataset":"meta","license":"CDLA-Permissive-2.0","record_id":"106314117521787","update_time":"2026-08-10T00:00:00.000Z","confidence":0.20060305297374725,"between":null,"provider":"meta","resource":"meta","version":"2026-08-10"},{"property":"/properties/confidence","dataset":"Overture","license":"CDLA-Permissive-2.0","record_id":null,"update_time":"2026-08-14T19:46:07Z","confidence":null,"between":null,"provider":"overture","resource":"confidence_calculation","version":"2026-08-14"}],"basic_category":"social_or_community_service","taxonomy":{"primary":"social_or_community_service","hierarchy":["community_and_government","social_or_community_service"],"alternates":null},"version":2}},
{"id":"11d5e83a-0ab8-489f-8dc7-6d44554d5193","type":"Feature","geometry":{"type":"Point","coordinates":[78.27300959,21.47377287]},"properties":{"categories":{"primary":"caterer","alternate":null},"confidence":0.5962237119674683,"socials":["https://www.facebook.com/392253214545405"],"phones":["+919975197938"],"brand":{"wikidata":null,"names":{"primary":null,"common":null,"rules":null}},"addresses":[{"freeform":"Ring Rd","locality":"Warud","postcode":"444906","region":"MH","country":"IN"}],"names":{"primary":"Malode Bichayat and Caterers","common":null,"rules":null},"sources":[{"property":"","dataset":"meta","license":"CDLA-Permissive-2.0","record_id":"392253214545405","update_time":"2026-08-10T00:00:00.000Z","confidence":0.5962237119674683,"between":null,"provider":"meta","resource":"meta","version":"2026-08-10"},{"property":"/properties/confidence","dataset":"Overture","license":"CDLA-Permissive-2.0","record_id":null,"update_time":"2026-08-14T19:46:07Z","confidence":null,"between":null,"provider":"overture","resource":"confidence_calculation","version":"2026-08-14"}],"basic_category":"event_or_party_service","taxonomy":{"primary":"caterer","hierarchy":["services_and_business","event_or_party_service","caterer"],"alternates":null},"version":8}},
{"id":"bde136f4-2dfe-4eea-a5bb-ca8d50ce277b","type":"Feature","geometry":{"type":"Point","coordinates":[78.2730026245117,21.4747009277344]},"properties":{"categories":{"primary":"credit_union","alternate":null},"confidence":0.85,"websites":["https://www.shriramcity.in/?utm_source=bing_places"],"phones":["18001036369"],"addresses":[{"freeform":"Khandelwal Sadan, Bypass Road, Warud, Dist-Amravati","locality":"Warud","postcode":"444906","region":"Maharashtra","country":"IN"}],"names":{"primary":"Shriram City Union Finance Limited","common":null,"rules":null},"sources":[{"property":"","dataset":"Microsoft","license":"CDLA-Permissive-2.0","record_id":"1970324839256275","update_time":"2020-10-13T08:37:02.480Z","confidence":0.85,"between":null,"provider":"microsoft","resource":"microsoft","version":"2025-10-20"},{"property":"/properties/confidence","dataset":"Overture","license":"CDLA-Permissive-2.0","record_id":null,"update_time":"2026-08-14T19:46:07Z","confidence":null,"between":null,"provider":"overture","resource":"confidence_calculation","version":"2026-08-14"}],"basic_category":"bank_or_credit_union","taxonomy":{"primary":"credit_union","hierarchy":["services_and_business","financial_service","bank_or_credit_union","credit_union"],"alternates":null},"version":7}},
{"id":"ca047efb-7873-4d29-ab30-1ae954446f43","type":"Feature","geometry":{"type":"Point","coordinates":[78.27310646,21.47505336]},"properties":{"categories":{"primary":"tattoo_and_piercing","alternate":null},"confidence":0.22319117188453674,"emails":["harshalharle98@gmail.com"],"socials":["https://www.facebook.com/174151835786204"],"phones":["+917972855735"],"brand":{"wikidata":null,"names":{"primary":null,"common":null,"rules":null}},"addresses":[{"freeform":"Jaints chowk Warud","locality":"Warud","postcode":"444906","region":"MH","country":"IN"}],"names":{"primary":"Black Diamond Tattoo Studio","common":null,"rules":null},"sources":[{"property":"","dataset":"meta","license":"CDLA-Permissive-2.0","record_id":"174151835786204","update_time":"2026-08-10T00:00:00.000Z","confidence":0.22319117188453674,"between":null,"provider":"meta","resource":"meta","version":"2026-08-10"},{"property":"/properties/confidence","dataset":"Overture","license":"CDLA-Permissive-2.0","record_id":null,"update_time":"2026-08-14T19:46:07Z","confidence":null,"between":null,"provider":"overture","resource":"confidence_calculation","version":"2026-08-14"}],"basic_category":"personal_or_beauty_service","taxonomy":{"primary":"tattoo_and_piercing","hierarchy":["lifestyle_services","personal_or_beauty_service","body_modification","tattoo_and_piercing"],"alternates":null},"version":8}},
{"id":"0d5d4b04-5c88-49e4-a6ac-e4897576f9bd","type":"Feature","geometry":{"type":"Point","coordinates":[78.27280456,21.47521474]},"properties":{"categories":{"primary":"desserts","alternate":["bakery","cupcake_shop"]},"confidence":0.6057376265525818,"socials":["https://www.facebook.com/101864195239380"],"phones":["+918999545164"],"brand":{"wikidata":null,"names":{"primary":"Cake Zone","common":null,"rules":null}},"addresses":[{"freeform":"Ring Rd","locality":"Warud","postcode":"444906","region":"MH","country":"IN"}],"names":{"primary":"Cake Zone","common":null,"rules":null},"sources":[{"property":"","dataset":"meta","license":"CDLA-Permissive-2.0","record_id":"101864195239380","update_time":"2026-08-10T00:00:00.000Z","confidence":0.6057376265525818,"between":null,"provider":"meta","resource":"meta","version":"2026-08-10"},{"property":"/properties/confidence","dataset":"Overture","license":"CDLA-Permissive-2.0","record_id":null,"update_time":"2026-08-14T19:46:07Z","confidence":null,"between":null,"provider":"overture","resource":"confidence_calculation","version":"2026-08-14"}],"basic_category":"casual_eatery","taxonomy":{"primary":"dessert_shop","hierarchy":["food_and_drink","casual_eatery","dessert_shop"],"alternates":null},"version":1}},
{"id":"2642d6a4-9f4f-459a-bf57-0c384e4f588e","type":"Feature","geometry":{"type":"Point","coordinates":[78.27206707,21.47445814]},"properties":{"categories":{"primary":"hospital","alternate":["health_and_medical"]},"confidence":0.6410679221153259,"socials":["https://www.facebook.com/374483933065444"],"brand":{"wikidata":null,"names":{"primary":null,"common":null,"rules":null}},"addresses":[{"freeform":"Ande Wadi, Ring Road, Warud, Dist. Amravati 444906","locality":"Warud","postcode":"444906","region":"MH","country":"IN"}],"names":{"primary":"Shelke Orthopaedic and Gynec Hospital","common":null,"rules":null},"sources":[{"property":"","dataset":"meta","license":"CDLA-Permissive-2.0","record_id":"374483933065444","update_time":"2026-08-10T00:00:00.000Z","confidence":0.6410679221153259,"between":null,"provider":"meta","resource":"meta","version":"2026-08-10"},{"property":"/properties/confidence","dataset":"Overture","license":"CDLA-Permissive-2.0","record_id":null,"update_time":"2026-08-14T19:46:07Z","confidence":null,"between":null,"provider":"overture","resource":"confidence_calculation","version":"2026-08-14"}],"basic_category":"hospital","taxonomy":{"primary":"hospital","hierarchy":["health_care","hospital"],"alternates":null},"version":9}},
{"id":"40e964e4-302e-44a7-be7b-b8ff217b9dfe","type":"Feature","geometry":{"type":"Point","coordinates":[78.27204899,21.47446094]},"properties":{"categories":{"primary":"hospital","alternate":null},"confidence":0.6613075733184814,"socials":["https://www.facebook.com/103679436040717"],"phones":["+918668574100"],"brand":{"wikidata":null,"names":{"primary":null,"common":null,"rules":null}},"addresses":[{"freeform":"above ESAF Bank","locality":"Warud","postcode":"444906","region":"MH","country":"IN"}],"names":{"primary":"Wasule Hospital & Khushi Maternity Home","common":null,"rules":null},"sources":[{"property":"","dataset":"meta","license":"CDLA-Permissive-2.0","record_id":"103679436040717","update_time":"2026-08-10T00:00:00.000Z","confidence":0.6613075733184814,"between":null,"provider":"meta","resource":"meta","version":"2026-08-10"},{"property":"/properties/confidence","dataset":"Overture","license":"CDLA-Permissive-2.0","record_id":null,"update_time":"2026-08-14T19:46:07Z","confidence":null,"between":null,"provider":"overture","resource":"confidence_calculation","version":"2026-08-14"}],"basic_category":"hospital","taxonomy":{"primary":"hospital","hierarchy":["health_care","hospital"],"alternates":null},"version":9}},
{"id":"81c4cf3c-8b5d-4490-a283-0b99b157e1e0","type":"Feature","geometry":{"type":"Point","coordinates":[78.27207,21.47469]},"properties":{"categories":{"primary":"family_counselor","alternate":["doctor","spas"]},"confidence":0.5739662647247314,"socials":["https://www.facebook.com/100484219267135"],"phones":["+919823053011"],"brand":{"wikidata":null,"names":{"primary":null,"common":null,"rules":null}},"addresses":[{"freeform":"Shelke Accident Hospital, LIC Office Road, Andewadi Ring Road, Warud","locality":"Warud","postcode":"440010","region":"MH","country":"IN"}],"names":{"primary":"Shri Vishwayan Ayurveda Panchkarma Clinic","common":null,"rules":null},"sources":[{"property":"","dataset":"meta","license":"CDLA-Permissive-2.0","record_id":"100484219267135","update_time":"2026-08-10T00:00:00.000Z","confidence":0.5739662647247314,"between":null,"provider":"meta","resource":"meta","version":"2026-08-10"},{"property":"/properties/confidence","dataset":"Overture","license":"CDLA-Permissive-2.0","record_id":null,"update_time":"2026-08-14T19:46:07Z","confidence":null,"between":null,"provider":"overture","resource":"confidence_calculation","version":"2026-08-14"}],"basic_category":"behavioral_or_mental_health_clinic","taxonomy":{"primary":"family_counseling","hierarchy":["health_care","outpatient_care_facility","behavioral_or_mental_health_clinic","counseling","family_counseling"],"alternates":null},"version":8}},
{"id":"acca841c-df74-4838-85ac-b390de1eef49","type":"Feature","geometry":{"type":"Point","coordinates":[78.27062248,21.47433202]},"properties":{"categories":{"primary":"gym","alternate":null},"confidence":0.8110739588737488,"socials":["https://www.facebook.com/664150970447125"],"phones":["+917972528122"],"brand":{"wikidata":null,"names":{"primary":null,"common":null,"rules":null}},"addresses":[{"freeform":"near LIC Office","locality":"Warud","postcode":"444906","region":"MH","country":"IN"}],"names":{"primary":"Kings Gym","common":null,"rules":null},"sources":[{"property":"","dataset":"meta","license":"CDLA-Permissive-2.0","record_id":"664150970447125","update_time":"2026-08-10T00:00:00.000Z","confidence":0.8110739588737488,"between":null,"provider":"meta","resource":"meta","version":"2026-08-10"},{"property":"/properties/confidence","dataset":"Overture","license":"CDLA-Permissive-2.0","record_id":null,"update_time":"2026-08-14T19:46:07Z","confidence":null,"between":null,"provider":"overture","resource":"confidence_calculation","version":"2026-08-14"}],"basic_category":"gym","taxonomy":{"primary":"gym","hierarchy":["sports_and_recreation","sport_or_fitness_facility","gym"],"alternates":null},"version":10}},
{"id":"c4463723-39de-4fe8-a7a2-d4fb8aaaadbd","type":"Feature","geometry":{"type":"Point","coordinates":[78.27177594,21.47249302]},"properties":{"categories":{"primary":"pharmacy","alternate":["health_and_medical"]},"confidence":0.4459284543991089,"socials":["https://www.facebook.com/241049869875356"],"phones":["+919422857667"],"brand":{"wikidata":null,"names":{"primary":null,"common":null,"rules":null}},"addresses":[{"freeform":"1, Pardi Rd, near RING ROAD","locality":"Warud","postcode":"444906","region":"MH","country":"IN"}],"names":{"primary":"Yashwant Medicals","common":null,"rules":null},"sources":[{"property":"","dataset":"meta","license":"CDLA-Permissive-2.0","record_id":"241049869875356","update_time":"2026-08-10T00:00:00.000Z","confidence":0.4459284543991089,"between":null,"provider":"meta","resource":"meta","version":"2026-08-10"},{"property":"/properties/confidence","dataset":"Overture","license":"CDLA-Permissive-2.0","record_id":null,"update_time":"2026-08-14T19:46:07Z","confidence":null,"between":null,"provider":"overture","resource":"confidence_calculation","version":"2026-08-14"}],"basic_category":"pharmacy_and_drug_store","taxonomy":{"primary":"pharmacy","hierarchy":["shopping","specialty_store","pharmacy_and_drug_store","pharmacy"],"alternates":null},"version":8}},
{"id":"20e8551e-030f-4739-bb2e-11a3b0a2b19e","type":"Feature","geometry":{"type":"Point","coordinates":[78.27116923,21.4724027]},"properties":{"categories":{"primary":"mobile_phone_store","alternate":null},"confidence":0.2537699341773987,"emails":["roshanvitalkar69@gmail.com"],"socials":["https://www.facebook.com/434650089728294"],"phones":["+918888422282"],"brand":{"wikidata":null,"names":{"primary":null,"common":null,"rules":null}},"addresses":[{"freeform":"Infront in om electronic, Middle in kedar chowk and pardi choke","locality":"Warud","postcode":"444906","region":"MH","country":"IN"}],"names":{"primary":"Veera Mobile and Electronic","common":null,"rules":null},"sources":[{"property":"","dataset":"meta","license":"CDLA-Permissive-2.0","record_id":"434650089728294","update_time":"2026-08-10T00:00:00.000Z","confidence":0.2537699341773987,"between":null,"provider":"meta","resource":"meta","version":"2026-08-10"},{"property":"/properties/confidence","dataset":"Overture","license":"CDLA-Permissive-2.0","record_id":null,"update_time":"2026-08-14T19:46:07Z","confidence":null,"between":null,"provider":"overture","resource":"confidence_calculation","version":"2026-08-14"}],"basic_category":"electronics_store","taxonomy":{"primary":"mobile_phone_store","hierarchy":["shopping","specialty_store","electronics_store","mobile_phone_store"],"alternates":null},"version":1}},
{"id":"591e5768-b648-45a5-a9ce-da449e630fe8","type":"Feature","geometry":{"type":"Point","coordinates":[78.2707632,21.4731645]},"properties":{"categories":{"primary":"credit_union","alternate":null},"confidence":0.85,"websites":["https://nearme.shriramfinance.in/maharashtra/amaravati/warud-branch"],"phones":["18004106622"],"addresses":[{"freeform":"Khandelwal Sadan, Bypass Road, Warud","locality":"Amaravati","postcode":"444906","region":"Maharashtra","country":"IN"}],"names":{"primary":"Shriram Finance Limited","common":null,"rules":null},"sources":[{"property":"","dataset":"Microsoft","license":"CDLA-Permissive-2.0","record_id":"1970324840190573","update_time":"2025-09-25T06:53:53.630Z","confidence":0.85,"between":null,"provider":"microsoft","resource":"microsoft","version":"2025-10-20"},{"property":"/properties/confidence","dataset":"Overture","license":"CDLA-Permissive-2.0","record_id":null,"update_time":"2026-08-14T19:46:07Z","confidence":null,"between":null,"provider":"overture","resource":"confidence_calculation","version":"2026-08-14"}],"basic_category":"bank_or_credit_union","taxonomy":{"primary":"credit_union","hierarchy":["services_and_business","financial_service","bank_or_credit_union","credit_union"],"alternates":null},"version":7}},
{"id":"ac658631-c43f-425f-94c7-1a810717d99d","type":"Feature","geometry":{"type":"Point","coordinates":[78.269711,21.472741]},"properties":{"categories":{"primary":"gas_station","alternate":null},"confidence":0.954,"websites":["https://petrolpump.hpretail.in/hindustan-petroleum-corporation-limited-badri-narayan-gulabchand-petrol-pump-warud-amravati-388675/Home"],"socials":["https://www.facebook.com/723925914144817","hpcl_retail"],"brand":{"wikidata":"Q1619375","names":{"primary":"Hindustan Petroleum","common":null,"rules":[]}},"addresses":[{"freeform":"Ground Floor","locality":"Warud","postcode":"444906","region":"Amravati","country":"IN"}],"names":{"primary":"Hindustan Petroleum","common":null,"rules":[{"variant":"official","language":null,"perspectives":null,"value":"Hindustan Petroleum","between":null,"side":null},{"variant":"short","language":null,"perspectives":null,"value":"HP","between":null,"side":null}]},"sources":[{"property":"","dataset":"AllThePlaces","license":"CC0-1.0","record_id":"zER6PV0qtJ9SZtA5cy4vuq9ZfKo=","update_time":"2026-08-05T15:33:36.000Z","confidence":0.8,"between":null,"provider":"alltheplaces","resource":"alltheplaces","version":"2026-08-05"},{"property":"/properties/confidence","dataset":"Overture","license":"CDLA-Permissive-2.0","record_id":null,"update_time":"2026-08-14T19:46:07Z","confidence":null,"between":null,"provider":"overture","resource":"confidence_calculation","version":"2026-08-14"}],"basic_category":"gas_station","taxonomy":{"primary":"gas_station","hierarchy":["travel_and_transportation","fueling_station","gas_station"],"alternates":null},"version":4}},
{"id":"90ac550f-e05d-4d64-916f-dcacff19bb47","type":"Feature","geometry":{"type":"Point","coordinates":[78.26956062,21.47162847]},"properties":{"categories":{"primary":"grocery_store","alternate":["grocery_store","delicatessen"]},"confidence":0.5246352553367615,"socials":["https://www.facebook.com/108681687315552"],"brand":{"wikidata":null,"names":{"primary":null,"common":null,"rules":null}},"addresses":[{"freeform":"","locality":"Warud","postcode":"444906","region":"MH","country":"IN"}],"names":{"primary":"Shree Sant Gajanan Market","common":null,"rules":null},"sources":[{"property":"","dataset":"meta","license":"CDLA-Permissive-2.0","record_id":"108681687315552","update_time":"2026-08-10T00:00:00.000Z","confidence":0.5246352553367615,"between":null,"provider":"meta","resource":"meta","version":"2026-08-10"},{"property":"/properties/confidence","dataset":"Overture","license":"CDLA-Permissive-2.0","record_id":null,"update_time":"2026-08-14T19:46:07Z","confidence":null,"between":null,"provider":"overture","resource":"confidence_calculation","version":"2026-08-14"}],"basic_category":"food_and_beverage_store","taxonomy":{"primary":"grocery_store","hierarchy":["shopping","food_and_beverage_store","grocery_store"],"alternates":null},"version":10}},
{"id":"dcefaf25-5b79-4ae3-969b-4c6b807dac68","type":"Feature","geometry":{"type":"Point","coordinates":[78.26889251,21.4718122]},"properties":{"categories":{"primary":"clothing_store","alternate":null},"confidence":0.18468977510929108,"socials":["https://www.facebook.com/1103322142856455"],"phones":["+919890224622"],"brand":{"wikidata":null,"names":{"primary":null,"common":null,"rules":null}},"addresses":[{"freeform":"K square, Kedar chowk","locality":"Warud","postcode":"444906","region":"MH","country":"IN"}],"names":{"primary":"National Men's Wear","common":null,"rules":null},"sources":[{"property":"","dataset":"meta","license":"CDLA-Permissive-2.0","record_id":"1103322142856455","update_time":"2026-08-10T00:00:00.000Z","confidence":0.18468977510929108,"between":null,"provider":"meta","resource":"meta","version":"2026-08-10"},{"property":"/properties/confidence","dataset":"Overture","license":"CDLA-Permissive-2.0","record_id":null,"update_time":"2026-08-14T19:46:07Z","confidence":null,"between":null,"provider":"overture","resource":"confidence_calculation","version":"2026-08-14"}],"basic_category":"fashion_and_apparel_store","taxonomy":{"primary":"clothing_store","hierarchy":["shopping","fashion_and_apparel_store","clothing_store"],"alternates":null},"version":1}},
{"id":"4639aab7-fb9e-474b-82d1-631857b325c4","type":"Feature","geometry":{"type":"Point","coordinates":[78.26888059,21.47189232]},"properties":{"categories":{"primary":"bookstore","alternate":null},"confidence":0.48361220955848694,"socials":["https://www.facebook.com/1509403535816384"],"phones":["+919404875076"],"brand":{"wikidata":null,"names":{"primary":null,"common":null,"rules":null}},"addresses":[{"freeform":"Sati chowk","locality":"Warud","postcode":"444906","region":"MH","country":"IN"}],"names":{"primary":"Saraswati Book Depot","common":null,"rules":null},"sources":[{"property":"","dataset":"meta","license":"CDLA-Permissive-2.0","record_id":"1509403535816384","update_time":"2026-08-10T00:00:00.000Z","confidence":0.48361220955848694,"between":null,"provider":"meta","resource":"meta","version":"2026-08-10"},{"property":"/properties/confidence","dataset":"Overture","license":"CDLA-Permissive-2.0","record_id":null,"update_time":"2026-08-14T19:46:07Z","confidence":null,"between":null,"provider":"overture","resource":"confidence_calculation","version":"2026-08-14"}],"basic_category":"books_music_and_video_store","taxonomy":{"primary":"bookstore","hierarchy":["shopping","specialty_store","books_music_and_video_store","bookstore"],"alternates":null},"version":8}},
{"id":"2c47597e-62fa-4749-81af-cc760fc53707","type":"Feature","geometry":{"type":"Point","coordinates":[78.26920116,21.47267431]},"properties":{"categories":{"primary":"hardware_store","alternate":["building_supply_store","lumber_store"]},"confidence":0.3240622282028198,"emails":["gajananhw7@gmail.com"],"socials":["https://www.facebook.com/658386450690034"],"phones":["+919890746207"],"brand":{"wikidata":null,"names":{"primary":null,"common":null,"rules":null}},"addresses":[{"freeform":"Mahatma Fule Chowk, Approach Rd","locality":"Warud","postcode":"444906","region":"MH","country":"IN"}],"names":{"primary":"Shri Gajanan Hardware and Plywood Centre","common":null,"rules":null},"sources":[{"property":"","dataset":"meta","license":"CDLA-Permissive-2.0","record_id":"658386450690034","update_time":"2026-08-10T00:00:00.000Z","confidence":0.3240622282028198,"between":null,"provider":"meta","resource":"meta","version":"2026-08-10"},{"property":"/properties/confidence","dataset":"Overture","license":"CDLA-Permissive-2.0","record_id":null,"update_time":"2026-08-14T19:46:07Z","confidence":null,"between":null,"provider":"overture","resource":"confidence_calculation","version":"2026-08-14"}],"basic_category":"hardware_home_and_garden_store","taxonomy":{"primary":"hardware_store","hierarchy":["shopping","specialty_store","hardware_home_and_garden_store","hardware_store"],"alternates":null},"version":10}},
{"id":"a125e658-a0de-4e41-8211-b83c4ab1a66e","type":"Feature","geometry":{"type":"Point","coordinates":[78.26915016396049,21.47229015886211]},"properties":{"categories":{"primary":"accommodation","alternate":["farm"]},"confidence":0.5933910608291626,"socials":["https://www.facebook.com/533325596720843"],"phones":["+919423425198"],"brand":{"wikidata":null,"names":{"primary":null,"common":null,"rules":null}},"addresses":[{"freeform":null,"locality":"Warud","postcode":null,"region":"MH","country":"IN"}],"names":{"primary":"Warud","common":null,"rules":null},"sources":[{"property":"","dataset":"meta","license":"CDLA-Permissive-2.0","record_id":"533325596720843","update_time":"2026-08-10T00:00:00.000Z","confidence":0.5933910608291626,"between":null,"provider":"meta","resource":"meta","version":"2026-08-10"},{"property":"/properties/confidence","dataset":"Overture","license":"CDLA-Permissive-2.0","record_id":null,"update_time":"2026-08-14T19:46:07Z","confidence":null,"between":null,"provider":"overture","resource":"confidence_calculation","version":"2026-08-14"}],"basic_category":"lodging","taxonomy":{"primary":"lodging","hierarchy":["lodging"],"alternates":null},"version":9}},
{"id":"bfc23b1d-530c-4684-b912-c4ac07cb2cec","type":"Feature","geometry":{"type":"Point","coordinates":[78.268994,21.472948]},"properties":{"categories":{"primary":"banks","alternate":null},"confidence":0.8,"emails":["WARUD@bankofbaroda.co.in"],"brand":{"wikidata":"Q2003797","names":{"primary":"Bank of Baroda","common":null,"rules":[]}},"addresses":[{"freeform":"KEDAR CHOWK, NAGARPALIKA COMPLEX, WARUD","locality":"AMRAVATI","postcode":"444906","region":"MAHARASHTRA","country":"IN"}],"names":{"primary":"Bank of Baroda","common":null,"rules":[]},"sources":[{"property":"","dataset":"AllThePlaces","license":"CC0-1.0","record_id":"fjdHaRjM05fcE0AbioGXHCZiyNU=","update_time":"2026-08-05T15:33:36.000Z","confidence":0.8,"between":null,"provider":"alltheplaces","resource":"alltheplaces","version":"2026-08-05"},{"property":"/properties/confidence","dataset":"Overture","license":"CDLA-Permissive-2.0","record_id":null,"update_time":"2026-08-14T19:46:07Z","confidence":null,"between":null,"provider":"overture","resource":"confidence_calculation","version":"2026-08-14"}],"basic_category":"bank_or_credit_union","taxonomy":{"primary":"bank","hierarchy":["services_and_business","financial_service","bank_or_credit_union","bank"],"alternates":null},"version":2}},
{"id":"c2c71954-3874-42ae-8f3d-d4b51f601b38","type":"Feature","geometry":{"type":"Point","coordinates":[78.26956896,21.47357904]},"properties":{"categories":{"primary":"bakery","alternate":null},"confidence":0.3939398229122162,"socials":["https://www.facebook.com/100869482347919"],"phones":["+919405437936"],"brand":{"wikidata":null,"names":{"primary":null,"common":null,"rules":null}},"addresses":[{"freeform":"Approach Rd","locality":"Warud","postcode":"444906","region":"MH","country":"IN"}],"names":{"primary":"Deote Bakery","common":null,"rules":null},"sources":[{"property":"","dataset":"meta","license":"CDLA-Permissive-2.0","record_id":"100869482347919","update_time":"2026-08-10T00:00:00.000Z","confidence":0.3939398229122162,"between":null,"provider":"meta","resource":"meta","version":"2026-08-10"},{"property":"/properties/confidence","dataset":"Overture","license":"CDLA-Permissive-2.0","record_id":null,"update_time":"2026-08-14T19:46:07Z","confidence":null,"between":null,"provider":"overture","resource":"confidence_calculation","version":"2026-08-14"}],"basic_category":"casual_eatery","taxonomy":{"primary":"bakery","hierarchy":["food_and_drink","casual_eatery","bakery"],"alternates":null},"version":8}},
{"id":"3c376015-c18e-4aff-ba19-93b7e9bc1a76","type":"Feature","geometry":{"type":"Point","coordinates":[78.26933656,21.47357209]},"properties":{"categories":{"primary":"banks","alternate":["bank_credit_union","financial_service"]},"confidence":0.560373067855835,"socials":["https://www.facebook.com/1905295102888908"],"phones":["+917229234001"],"brand":{"wikidata":null,"names":{"primary":"Central Bank of India","common":null,"rules":null}},"addresses":[{"freeform":"GR.FLOOR, NAGAR PARISHAD COMPLEX,","locality":"Warud","postcode":"444906","region":"MH","country":"IN"}],"names":{"primary":"Central Bank of India","common":null,"rules":null},"sources":[{"property":"","dataset":"meta","license":"CDLA-Permissive-2.0","record_id":"1905295102888908","update_time":"2026-08-10T00:00:00.000Z","confidence":0.560373067855835,"between":null,"provider":"meta","resource":"meta","version":"2026-08-10"},{"property":"/properties/confidence","dataset":"Overture","license":"CDLA-Permissive-2.0","record_id":null,"update_time":"2026-08-14T19:46:07Z","confidence":null,"between":null,"provider":"overture","resource":"confidence_calculation","version":"2026-08-14"}],"basic_category":"bank_or_credit_union","taxonomy":{"primary":"bank","hierarchy":["services_and_business","financial_service","bank_or_credit_union","bank"],"alternates":null},"version":9}},
{"id":"85776912-78b2-48ac-98c6-405a7712739d","type":"Feature","geometry":{"type":"Point","coordinates":[78.26929,21.47356]},"properties":{"categories":{"primary":"agriculture","alternate":null},"confidence":0.5582342147827148,"socials":["https://www.facebook.com/186201191251318"],"phones":["+919325781513"],"brand":{"wikidata":null,"names":{"primary":null,"common":null,"rules":null}},"addresses":[{"freeform":"Rajura  Bazar ","locality":"Warud Sub-District","postcode":null,"region":"MH","country":"IN"}],"names":{"primary":"Shri Gurudev krushi kendra Rajura bazar","common":null,"rules":null},"sources":[{"property":"","dataset":"meta","license":"CDLA-Permissive-2.0","record_id":"186201191251318","update_time":"2026-08-10T00:00:00.000Z","confidence":0.5582342147827148,"between":null,"provider":"meta","resource":"meta","version":"2026-08-10"},{"property":"/properties/confidence","dataset":"Overture","license":"CDLA-Permissive-2.0","record_id":null,"update_time":"2026-08-14T19:46:07Z","confidence":null,"between":null,"provider":"overture","resource":"confidence_calculation","version":"2026-08-14"}],"basic_category":"b2b_service","taxonomy":{"primary":"agriculture","hierarchy":["services_and_business","b2b_service","b2b_agriculture_service","agriculture"],"alternates":null},"version":1}},
{"id":"d16ca2dc-50a6-469f-b545-d07f34f9fa9f","type":"Feature","geometry":{"type":"Point","coordinates":[78.2696931,21.4737124]},"properties":{"categories":{"primary":"indian_grocery_store","alternate":["pharmaceutical_companies","b2b_medical_support_services","business_to_business","retail"]},"confidence":0.85,"websites":["https://patanjalistores.patanjaliayurved.org/patanjali-arogya-kendra-amit-ayurvedic-pharmacy-indian-grocery-store-warud-amravati-255738/Home?utm_source=locator&utm_medium=bing"],"phones":["09420189338"],"addresses":[{"freeform":"Ground Floor, Yawal Karwadi, Warud","locality":"Amravati","postcode":"444906","region":"Maharashtra","country":"IN"}],"names":{"primary":"Patanjali Arogya Kendra","common":null,"rules":null},"sources":[{"property":"","dataset":"Microsoft","license":"CDLA-Permissive-2.0","record_id":"1688849865595694","update_time":"2024-02-15T06:48:01.603Z","confidence":0.85,"between":null,"provider":"microsoft","resource":"microsoft","version":"2025-10-20"},{"property":"/properties/confidence","dataset":"Overture","license":"CDLA-Permissive-2.0","record_id":null,"update_time":"2026-08-14T19:46:07Z","confidence":null,"between":null,"provider":"overture","resource":"confidence_calculation","version":"2026-08-14"}],"basic_category":"food_and_beverage_store","taxonomy":{"primary":"indian_grocery_store","hierarchy":["shopping","food_and_beverage_store","grocery_store","indian_grocery_store"],"alternates":null},"version":7}},
{"id":"aedca05d-25ff-4b35-b081-1b18cd50055d","type":"Feature","geometry":{"type":"Point","coordinates":[78.27046295,21.47436315]},"properties":{"categories":{"primary":"shopping","alternate":["furniture_store"]},"confidence":0.28926679491996765,"socials":["https://www.facebook.com/303053010186709"],"brand":{"wikidata":null,"names":{"primary":null,"common":null,"rules":null}},"addresses":[{"freeform":"Warud Road","locality":"Warud","postcode":"444906","region":"MH","country":"IN"}],"names":{"primary":"Hanifa Furniture","common":null,"rules":null},"sources":[{"property":"","dataset":"meta","license":"CDLA-Permissive-2.0","record_id":"303053010186709","update_time":"2026-08-10T00:00:00.000Z","confidence":0.28926679491996765,"between":null,"provider":"meta","resource":"meta","version":"2026-08-10"},{"property":"/properties/confidence","dataset":"Overture","license":"CDLA-Permissive-2.0","record_id":null,"update_time":"2026-08-14T19:46:07Z","confidence":null,"between":null,"provider":"overture","resource":"confidence_calculation","version":"2026-08-14"}],"basic_category":"shopping","taxonomy":{"primary":"shopping","hierarchy":["shopping"],"alternates":null},"version":10}},
{"id":"4aebdc76-5839-44b4-bfa2-caec8cedccfa","type":"Feature","geometry":{"type":"Point","coordinates":[78.27044765,21.47450243]},"properties":{"categories":{"primary":"business_manufacturing_and_supply","alternate":["hardware_store"]},"confidence":0.4104788303375244,"emails":["pateljayesh511@gmail.com"],"socials":["https://www.facebook.com/111655580684496"],"phones":["+919403200441"],"brand":{"wikidata":null,"names":{"primary":null,"common":null,"rules":null}},"addresses":[{"freeform":"near lic office","locality":"Warud","postcode":"444906","region":"MH","country":"IN"}],"names":{"primary":"Patel traders","common":null,"rules":null},"sources":[{"property":"","dataset":"meta","license":"CDLA-Permissive-2.0","record_id":"111655580684496","update_time":"2026-08-10T00:00:00.000Z","confidence":0.4104788303375244,"between":null,"provider":"meta","resource":"meta","version":"2026-08-10"},{"property":"/properties/confidence","dataset":"Overture","license":"CDLA-Permissive-2.0","record_id":null,"update_time":"2026-08-14T19:46:07Z","confidence":null,"between":null,"provider":"overture","resource":"confidence_calculation","version":"2026-08-14"}],"basic_category":"manufacturer","taxonomy":{"primary":"manufacturer","hierarchy":["services_and_business","b2b_service","manufacturer"],"alternates":null},"version":9}},
{"id":"2887f96a-834d-42f3-9cd5-d0c0d277d036","type":"Feature","geometry":{"type":"Point","coordinates":[78.27033994,21.47456773]},"properties":{"categories":{"primary":"medical_center","alternate":["health_and_medical","family_practice"]},"confidence":0.3824717700481415,"socials":["https://www.facebook.com/104733728522399"],"phones":["+919503792039"],"brand":{"wikidata":null,"names":{"primary":null,"common":null,"rules":null}},"addresses":[{"freeform":"behind LIC office, beside mankar complex","locality":"Warud","postcode":"444906","region":"MH","country":"IN"}],"names":{"primary":"Belsare Multi Speciality Homoeopathic Clinic","common":null,"rules":null},"sources":[{"property":"","dataset":"meta","license":"CDLA-Permissive-2.0","record_id":"104733728522399","update_time":"2026-08-10T00:00:00.000Z","confidence":0.3824717700481415,"between":null,"provider":"meta","resource":"meta","version":"2026-08-10"},{"property":"/properties/confidence","dataset":"Overture","license":"CDLA-Permissive-2.0","record_id":null,"update_time":"2026-08-14T19:46:07Z","confidence":null,"between":null,"provider":"overture","resource":"confidence_calculation","version":"2026-08-14"}],"basic_category":"outpatient_care_facility","taxonomy":{"primary":"outpatient_care_facility","hierarchy":["health_care","outpatient_care_facility"],"alternates":null},"version":9}},
{"id":"c373e0e4-cf09-4abb-b79e-b6c85643d97a","type":"Feature","geometry":{"type":"Point","coordinates":[78.269991883127,21.474995174718]},"properties":{"categories":{"primary":"hospital","alternate":["pediatrician"]},"confidence":0.7436623573303223,"emails":["dr.amol005@gmail.com"],"socials":["https://www.facebook.com/102084135544016"],"phones":["+918999891190"],"brand":{"wikidata":null,"names":{"primary":null,"common":null,"rules":null}},"addresses":[{"freeform":"First Floor Above ESAF Bank,Near New Ghar Sansar sale,Shrirao Wadi  ,Approach Road Warud.","locality":"Warud","postcode":"444906","region":"MH","country":"IN"}],"names":{"primary":"RamKrishna Children's Hospital Warud","common":null,"rules":null},"sources":[{"property":"","dataset":"meta","license":"CDLA-Permissive-2.0","record_id":"102084135544016","update_time":"2026-08-10T00:00:00.000Z","confidence":0.7436623573303223,"between":null,"provider":"meta","resource":"meta","version":"2026-08-10"},{"property":"/properties/confidence","dataset":"Overture","license":"CDLA-Permissive-2.0","record_id":null,"update_time":"2026-08-14T19:46:07Z","confidence":null,"between":null,"provider":"overture","resource":"confidence_calculation","version":"2026-08-14"}],"basic_category":"hospital","taxonomy":{"primary":"hospital","hierarchy":["health_care","hospital"],"alternates":null},"version":8}},
{"id":"0369a619-a7a0-4dbd-bf06-917bd699a29f","type":"Feature","geometry":{"type":"Point","coordinates":[78.26974,21.4748]},"properties":{"categories":{"primary":"mobile_phone_store","alternate":null},"confidence":0.32794708013534546,"emails":["warud@ssmobile.net"],"socials":["https://www.facebook.com/1113709588492728"],"phones":["+918956730635"],"brand":{"wikidata":null,"names":{"primary":null,"common":null,"rules":null}},"addresses":[{"freeform":"Near Union bank of India, Opposite Kathiwale Sabhagruh, Approach Road","locality":"Warud","postcode":"444906","region":"MH","country":"IN"}],"names":{"primary":"SS Mobile Warud","common":null,"rules":null},"sources":[{"property":"","dataset":"meta","license":"CDLA-Permissive-2.0","record_id":"1113709588492728","update_time":"2026-08-10T00:00:00.000Z","confidence":0.32794708013534546,"between":null,"provider":"meta","resource":"meta","version":"2026-08-10"},{"property":"/properties/confidence","dataset":"Overture","license":"CDLA-Permissive-2.0","record_id":null,"update_time":"2026-08-14T19:46:07Z","confidence":null,"between":null,"provider":"overture","resource":"confidence_calculation","version":"2026-08-14"}],"basic_category":"electronics_store","taxonomy":{"primary":"mobile_phone_store","hierarchy":["shopping","specialty_store","electronics_store","mobile_phone_store"],"alternates":null},"version":1}},
{"id":"71734d90-2394-424e-b24f-617bd99ddf3b","type":"Feature","geometry":{"type":"Point","coordinates":[78.269401,21.474751]},"properties":{"categories":{"primary":"financial_service","alternate":null},"confidence":0.77,"websites":["https://agent.hdfcergo.com/hdfc-ergo-insurance-agent-umesh-champalal-chhangani-insurance-broker-jamgaon-amravati-408167/Home"],"phones":["091753 90109"],"addresses":[{"freeform":"Ward No 3,Warud","locality":"Amravati","postcode":"444908","region":"Maharashtra","country":"IN"}],"names":{"primary":"HDFC ERGO Insurance Agent: Umesh Champalal Chhangani","common":null,"rules":null},"sources":[{"property":"","dataset":"Foursquare","license":"Apache-2.0","record_id":"681b5d982385a80f93b4316b","update_time":"2025-05-07T00:00:00.000","confidence":0.77,"between":null,"provider":"foursquare","resource":"foursquare","version":"2026-04-14"},{"property":"/properties/confidence","dataset":"Overture","license":"CDLA-Permissive-2.0","record_id":null,"update_time":"2026-08-14T19:46:07Z","confidence":null,"between":null,"provider":"overture","resource":"confidence_calculation","version":"2026-08-14"}],"basic_category":"financial_service","taxonomy":{"primary":"financial_service","hierarchy":["services_and_business","financial_service"],"alternates":null},"version":4}},
{"id":"873da81f-66a2-44b5-a3ae-27f031ffa026","type":"Feature","geometry":{"type":"Point","coordinates":[78.269475,21.4748318]},"properties":{"categories":{"primary":"pharmacy","alternate":["retail"]},"confidence":0.85,"websites":["https://pharmacy-nearme.davaindia.com/davaindia-generic-pharmacy-pharmacy-warud-amravati-174296/Home?utm_source=locator&utm_medium=bing"],"phones":["09860194708"],"addresses":[{"freeform":"Kathi Wale Complex, Approach Road, Warud","locality":"Amravati","postcode":"444906","region":"Maharashtra","country":"IN"}],"names":{"primary":"Davaindia Generic Pharmacy","common":null,"rules":null},"sources":[{"property":"","dataset":"Microsoft","license":"CDLA-Permissive-2.0","record_id":"1688849864764060","update_time":"2023-06-02T06:10:02.650Z","confidence":0.85,"between":null,"provider":"microsoft","resource":"microsoft","version":"2025-10-20"},{"property":"/properties/confidence","dataset":"Overture","license":"CDLA-Permissive-2.0","record_id":null,"update_time":"2026-08-14T19:46:07Z","confidence":null,"between":null,"provider":"overture","resource":"confidence_calculation","version":"2026-08-14"}],"basic_category":"pharmacy_and_drug_store","taxonomy":{"primary":"pharmacy","hierarchy":["shopping","specialty_store","pharmacy_and_drug_store","pharmacy"],"alternates":null},"version":10}},
{"id":"1f44cf0b-7e9b-4c35-9026-b47d60b4bd85","type":"Feature","geometry":{"type":"Point","coordinates":[78.26948047,21.47490744]},"properties":{"categories":{"primary":"sporting_goods","alternate":["shopping","topic_concert_venue"]},"confidence":0.57093745470047,"socials":["https://www.facebook.com/109669983801755"],"phones":["+919021072280"],"brand":{"wikidata":null,"names":{"primary":null,"common":null,"rules":null}},"addresses":[{"freeform":"Kathiwale complex, Approach Rd, near Union bank","locality":"Warud","postcode":"444906","region":"MH","country":"IN"}],"names":{"primary":"Shivam Sports, warud","common":null,"rules":null},"sources":[{"property":"","dataset":"meta","license":"CDLA-Permissive-2.0","record_id":"109669983801755","update_time":"2026-08-10T00:00:00.000Z","confidence":0.57093745470047,"between":null,"provider":"meta","resource":"meta","version":"2026-08-10"},{"property":"/properties/confidence","dataset":"Overture","license":"CDLA-Permissive-2.0","record_id":null,"update_time":"2026-08-14T19:46:07Z","confidence":null,"between":null,"provider":"overture","resource":"confidence_calculation","version":"2026-08-14"}],"basic_category":"sporting_goods_store","taxonomy":{"primary":"sporting_goods_store","hierarchy":["shopping","specialty_store","sporting_goods_store"],"alternates":null},"version":10}},
{"id":"4387f685-3441-4591-9bba-bb168b7d4b58","type":"Feature","geometry":{"type":"Point","coordinates":[78.26956975,21.47486808]},"properties":{"categories":{"primary":"school","alternate":["vocational_and_technical_school"]},"confidence":0.14403036236763,"emails":["sarvodayaskilldevelopment@gmail.com"],"socials":["https://www.facebook.com/722537010932385"],"phones":["+919561172026"],"brand":{"wikidata":null,"names":{"primary":null,"common":null,"rules":null}},"addresses":[{"freeform":"Warud Road","locality":"Warud","postcode":"444906","region":"MH","country":"IN"}],"names":{"primary":"Sarvodaya Computers","common":null,"rules":null},"sources":[{"property":"","dataset":"meta","license":"CDLA-Permissive-2.0","record_id":"722537010932385","update_time":"2026-08-10T00:00:00.000Z","confidence":0.14403036236763,"between":null,"provider":"meta","resource":"meta","version":"2026-08-10"},{"property":"/properties/confidence","dataset":"Overture","license":"CDLA-Permissive-2.0","record_id":null,"update_time":"2026-08-14T19:46:07Z","confidence":null,"between":null,"provider":"overture","resource":"confidence_calculation","version":"2026-08-14"}],"basic_category":"place_of_learning","taxonomy":{"primary":"school","hierarchy":["education","place_of_learning","school"],"alternates":null},"version":9}},
{"id":"95c2f4a9-8224-4407-bb52-ce9bc581bd9b","type":"Feature","geometry":{"type":"Point","coordinates":[78.26957,21.474553296721]},"properties":{"categories":{"primary":"shopping","alternate":null},"confidence":0.6133890748023987,"websites":["https://d-ambikacollection938.dotpe.in/"],"socials":["https://www.facebook.com/111650717341968"],"phones":["+919834905506"],"brand":{"wikidata":null,"names":{"primary":null,"common":null,"rules":null}},"addresses":[{"freeform":"APROACH ROAD","locality":"Warud","postcode":"444906","region":"MH","country":"IN"}],"names":{"primary":"New Ambika Collection","common":null,"rules":null},"sources":[{"property":"","dataset":"meta","license":"CDLA-Permissive-2.0","record_id":"111650717341968","update_time":"2026-08-10T00:00:00.000Z","confidence":0.6133890748023987,"between":null,"provider":"meta","resource":"meta","version":"2026-08-10"},{"property":"/properties/confidence","dataset":"Overture","license":"CDLA-Permissive-2.0","record_id":null,"update_time":"2026-08-14T19:46:07Z","confidence":null,"between":null,"provider":"overture","resource":"confidence_calculation","version":"2026-08-14"}],"basic_category":"shopping","taxonomy":{"primary":"shopping","hierarchy":["shopping"],"alternates":null},"version":9}},
{"id":"f81751fa-f34e-47db-9f4d-6c9d3a19178a","type":"Feature","geometry":{"type":"Point","coordinates":[78.26941779,21.47445438]},"properties":{"categories":{"primary":"hospital","alternate":["health_and_medical"]},"confidence":0.54916912317276,"socials":["https://www.facebook.com/255352558363891"],"brand":{"wikidata":null,"names":{"primary":null,"common":null,"rules":null}},"addresses":[{"freeform":"Warud Road","locality":"Warud","postcode":"444906","region":"MH","country":"IN"}],"names":{"primary":"Belsare Hospital","common":null,"rules":null},"sources":[{"property":"","dataset":"meta","license":"CDLA-Permissive-2.0","record_id":"255352558363891","update_time":"2026-08-10T00:00:00.000Z","confidence":0.54916912317276,"between":null,"provider":"meta","resource":"meta","version":"2026-08-10"},{"property":"/properties/confidence","dataset":"Overture","license":"CDLA-Permissive-2.0","record_id":null,"update_time":"2026-08-14T19:46:07Z","confidence":null,"between":null,"provider":"overture","resource":"confidence_calculation","version":"2026-08-14"}],"basic_category":"hospital","taxonomy":{"primary":"hospital","hierarchy":["health_care","hospital"],"alternates":null},"version":8}},
{"id":"93b7e61d-d106-4912-8d69-64c581b9fdb2","type":"Feature","geometry":{"type":"Point","coordinates":[78.2693914,21.47461624]},"properties":{"categories":{"primary":"hospital","alternate":null},"confidence":0.9202908277511597,"socials":["https://www.facebook.com/115117303368889"],"phones":["+919595039458"],"brand":{"wikidata":null,"names":{"primary":null,"common":null,"rules":null}},"addresses":[{"freeform":"First floor kathiwala complex","locality":"Warud","postcode":"444906","region":"MH","country":"IN"}],"names":{"primary":"Dr. Rahul Khanna Hospital Surgical and Laser Center","common":null,"rules":null},"sources":[{"property":"","dataset":"meta","license":"CDLA-Permissive-2.0","record_id":"115117303368889","update_time":"2026-08-10T00:00:00.000Z","confidence":0.9202908277511597,"between":null,"provider":"meta","resource":"meta","version":"2026-08-10"},{"property":"/properties/confidence","dataset":"Overture","license":"CDLA-Permissive-2.0","record_id":null,"update_time":"2026-08-14T19:46:07Z","confidence":null,"between":null,"provider":"overture","resource":"confidence_calculation","version":"2026-08-14"}],"basic_category":"hospital","taxonomy":{"primary":"hospital","hierarchy":["health_care","hospital"],"alternates":null},"version":9}},
{"id":"ccb73bbd-c2ac-4e46-b942-f67d5aeb8023","type":"Feature","geometry":{"type":"Point","coordinates":[78.26890326,21.47449653]},"properties":{"categories":{"primary":"beauty_salon","alternate":["hair_salon","barber"]},"confidence":0.8273320198059082,"websites":["https://www.glamstudios.in/"],"emails":["connect@glamstudios.in"],"socials":["https://www.facebook.com/256485280885208"],"phones":["+918010000444"],"brand":{"wikidata":null,"names":{"primary":null,"common":null,"rules":null}},"addresses":[{"freeform":"R-2A, 1st floor, CA Tower, Approach Rd, near Arvind Bank","locality":"Warud","postcode":"444906","region":"MH","country":"IN"}],"names":{"primary":"Glam Studios Warud","common":null,"rules":null},"sources":[{"property":"","dataset":"meta","license":"CDLA-Permissive-2.0","record_id":"256485280885208","update_time":"2026-08-10T00:00:00.000Z","confidence":0.8273320198059082,"between":null,"provider":"meta","resource":"meta","version":"2026-08-10"},{"property":"/properties/confidence","dataset":"Overture","license":"CDLA-Permissive-2.0","record_id":null,"update_time":"2026-08-14T19:46:07Z","confidence":null,"between":null,"provider":"overture","resource":"confidence_calculation","version":"2026-08-14"}],"basic_category":"personal_or_beauty_service","taxonomy":{"primary":"beauty_salon","hierarchy":["lifestyle_services","personal_or_beauty_service","beauty_salon"],"alternates":null},"version":10}},
{"id":"0189110b-ef3c-4f9c-8f7d-c7438e6112c6","type":"Feature","geometry":{"type":"Point","coordinates":[78.2688319,21.4758821]},"properties":{"categories":{"primary":"computer_store","alternate":["retail"]},"confidence":0.85,"websites":["https://stores.lapcare.com/lapcare-shree-computers-computer-accessories-shop-pandhurna-square-city-rd-amravati-185843/Home?utm_source=locator&utm_medium=bing"],"phones":["09422155357"],"addresses":[{"freeform":"Ground Floor, Pandhurna Square City Rd","locality":"Amravati","postcode":"444906","region":"Maharashtra","country":"IN"}],"names":{"primary":"Lapcare","common":null,"rules":null},"sources":[{"property":"","dataset":"Microsoft","license":"CDLA-Permissive-2.0","record_id":"1688849865075161","update_time":"2025-06-17T07:06:40.283Z","confidence":0.85,"between":null,"provider":"microsoft","resource":"microsoft","version":"2025-10-20"},{"property":"/properties/confidence","dataset":"Overture","license":"CDLA-Permissive-2.0","record_id":null,"update_time":"2026-08-14T19:46:07Z","confidence":null,"between":null,"provider":"overture","resource":"confidence_calculation","version":"2026-08-14"}],"basic_category":"electronics_store","taxonomy":{"primary":"computer_store","hierarchy":["shopping","specialty_store","electronics_store","computer_store"],"alternates":null},"version":6}},
{"id":"b976ea61-45c0-4c73-a76f-513834682e35","type":"Feature","geometry":{"type":"Point","coordinates":[78.26946442,21.47612406]},"properties":{"categories":{"primary":"gas_station","alternate":null},"confidence":0.4716387391090393,"websites":["https://locator.iocl.com/indianoil-yavalkar-bros-petrol-pump-warud-amravati-207065/Home?utm_source=locator&utm_medium=facebook"],"socials":["https://www.facebook.com/264012450139775"],"phones":["+919423957057"],"brand":{"wikidata":null,"names":{"primary":"Indian Oil Corporation Ltd.","common":null,"rules":null}},"addresses":[{"freeform":"Wad No 444906","locality":"Warud","postcode":"444906","region":"MH","country":"IN"}],"names":{"primary":"IndianOil","common":null,"rules":null},"sources":[{"property":"","dataset":"meta","license":"CDLA-Permissive-2.0","record_id":"264012450139775","update_time":"2026-08-10T00:00:00.000Z","confidence":0.4716387391090393,"between":null,"provider":"meta","resource":"meta","version":"2026-08-10"},{"property":"/properties/confidence","dataset":"Overture","license":"CDLA-Permissive-2.0","record_id":null,"update_time":"2026-08-14T19:46:07Z","confidence":null,"between":null,"provider":"overture","resource":"confidence_calculation","version":"2026-08-14"}],"basic_category":"gas_station","taxonomy":{"primary":"gas_station","hierarchy":["travel_and_transportation","fueling_station","gas_station"],"alternates":null},"version":8}},
{"id":"9b2efc93-025c-42d7-9c01-7d0eacf0b7a5","type":"Feature","geometry":{"type":"Point","coordinates":[78.27008509,21.4755839]},"properties":{"categories":{"primary":"professional_services","alternate":["event_photography"]},"confidence":0.3421171307563782,"emails":["dhiraj_kshirsagar@yahoo.com"],"socials":["https://www.facebook.com/1778401812393333"],"phones":["+919975424277"],"brand":{"wikidata":null,"names":{"primary":null,"common":null,"rules":null}},"addresses":[{"freeform":"Gmart, Approach Rd","locality":"Warud","postcode":"444906","region":"MH","country":"IN"}],"names":{"primary":"YS Photography","common":null,"rules":null},"sources":[{"property":"","dataset":"meta","license":"CDLA-Permissive-2.0","record_id":"1778401812393333","update_time":"2026-08-10T00:00:00.000Z","confidence":0.3421171307563782,"between":null,"provider":"meta","resource":"meta","version":"2026-08-10"},{"property":"/properties/confidence","dataset":"Overture","license":"CDLA-Permissive-2.0","record_id":null,"update_time":"2026-08-14T19:46:07Z","confidence":null,"between":null,"provider":"overture","resource":"confidence_calculation","version":"2026-08-14"}],"basic_category":"professional_service","taxonomy":{"primary":"professional_service","hierarchy":["services_and_business","professional_service"],"alternates":null},"version":10}},
{"id":"b1dac6b8-2310-40f7-93e3-045ef265dc7f","type":"Feature","geometry":{"type":"Point","coordinates":[78.27043024,21.47555692]},"properties":{"categories":{"primary":"professional_services","alternate":null},"confidence":0.46222957968711853,"emails":["pramodyawalkar1@gmail.com"],"socials":["https://www.facebook.com/112729113811732"],"phones":["+919422858196"],"brand":{"wikidata":null,"names":{"primary":null,"common":null,"rules":null}},"addresses":[{"freeform":"opposite Yawalkar Petrol Pump","locality":"Warud","postcode":"444906","region":"MH","country":"IN"}],"names":{"primary":"Chanakya Photo Studio","common":null,"rules":null},"sources":[{"property":"","dataset":"meta","license":"CDLA-Permissive-2.0","record_id":"112729113811732","update_time":"2026-08-10T00:00:00.000Z","confidence":0.46222957968711853,"between":null,"provider":"meta","resource":"meta","version":"2026-08-10"},{"property":"/properties/confidence","dataset":"Overture","license":"CDLA-Permissive-2.0","record_id":null,"update_time":"2026-08-14T19:46:07Z","confidence":null,"between":null,"provider":"overture","resource":"confidence_calculation","version":"2026-08-14"}],"basic_category":"professional_service","taxonomy":{"primary":"professional_service","hierarchy":["services_and_business","professional_service"],"alternates":null},"version":8}},
{"id":"c1fadf7c-f78a-4647-b0f5-345527cce1fd","type":"Feature","geometry":{"type":"Point","coordinates":[78.2700024,21.4760456]},"properties":{"confidence":0.7142571806907654,"socials":["https://www.facebook.com/2261212607474263"],"phones":["+917229232555"],"brand":{"wikidata":null,"names":{"primary":null,"common":null,"rules":null}},"addresses":[{"freeform":"mahatma fule ward ","locality":"Warud","postcode":"444906","region":"MH","country":"IN"}],"names":{"primary":"GMart Warud","common":null,"rules":null},"sources":[{"property":"","dataset":"meta","license":"CDLA-Permissive-2.0","record_id":"2261212607474263","update_time":"2026-08-10T00:00:00.000Z","confidence":0.7142571806907654,"between":null,"provider":"meta","resource":"meta","version":"2026-08-10"},{"property":"/properties/confidence","dataset":"Overture","license":"CDLA-Permissive-2.0","record_id":null,"update_time":"2026-08-14T19:46:07Z","confidence":null,"between":null,"provider":"overture","resource":"confidence_calculation","version":"2026-08-14"}],"version":2}},
{"id":"3da07ddf-295f-4324-accc-9574a0f7382a","type":"Feature","geometry":{"type":"Point","coordinates":[78.27031984,21.47665016]},"properties":{"categories":{"primary":"restaurant","alternate":["diner"]},"confidence":0.6462433338165283,"socials":["https://www.facebook.com/108230460619036"],"brand":{"wikidata":null,"names":{"primary":null,"common":null,"rules":null}},"addresses":[{"freeform":"Pandhurna Square, MH MSH 10","locality":"Warud","postcode":"444906","region":"MH","country":"IN"}],"names":{"primary":"Chakradhar Restaurant","common":null,"rules":null},"sources":[{"property":"","dataset":"meta","license":"CDLA-Permissive-2.0","record_id":"108230460619036","update_time":"2026-08-10T00:00:00.000Z","confidence":0.6462433338165283,"between":null,"provider":"meta","resource":"meta","version":"2026-08-10"},{"property":"/properties/confidence","dataset":"Overture","license":"CDLA-Permissive-2.0","record_id":null,"update_time":"2026-08-14T19:46:07Z","confidence":null,"between":null,"provider":"overture","resource":"confidence_calculation","version":"2026-08-14"}],"basic_category":"restaurant","taxonomy":{"primary":"restaurant","hierarchy":["food_and_drink","restaurant"],"alternates":null},"version":5}},
{"id":"2f543ab8-1211-4b58-ab62-3d356a15678f","type":"Feature","geometry":{"type":"Point","coordinates":[78.27026419,21.4769531]},"properties":{"categories":{"primary":"auto_parts_and_supply_store","alternate":null},"confidence":0.3761834502220154,"socials":["https://www.facebook.com/111404779691330"],"brand":{"wikidata":null,"names":{"primary":null,"common":null,"rules":null}},"addresses":[{"freeform":"Maharashtra Major State Highway 10","locality":"Warud","postcode":"444906","region":"MH","country":"IN"}],"names":{"primary":"Sarang automobile","common":null,"rules":null},"sources":[{"property":"","dataset":"meta","license":"CDLA-Permissive-2.0","record_id":"111404779691330","update_time":"2026-08-10T00:00:00.000Z","confidence":0.3761834502220154,"between":null,"provider":"meta","resource":"meta","version":"2026-08-10"},{"property":"/properties/confidence","dataset":"Overture","license":"CDLA-Permissive-2.0","record_id":null,"update_time":"2026-08-14T19:46:07Z","confidence":null,"between":null,"provider":"overture","resource":"confidence_calculation","version":"2026-08-14"}],"basic_category":"vehicle_parts_store","taxonomy":{"primary":"auto_parts_store","hierarchy":["shopping","specialty_store","vehicle_parts_store","auto_parts_store"],"alternates":null},"version":2}},
{"id":"e4a12fed-dea2-49b7-a11e-187694cf7f74","type":"Feature","geometry":{"type":"Point","coordinates":[78.26966693,21.47636249]},"properties":{"categories":{"primary":"cafe","alternate":["restaurant","diner"]},"confidence":0.5241050124168396,"socials":["https://www.facebook.com/252122068655075"],"brand":{"wikidata":null,"names":{"primary":null,"common":null,"rules":null}},"addresses":[{"freeform":"Warud Road","locality":"Warud","postcode":"444906","region":"MH","country":"IN"}],"names":{"primary":"Chetan Cafe","common":null,"rules":null},"sources":[{"property":"","dataset":"meta","license":"CDLA-Permissive-2.0","record_id":"252122068655075","update_time":"2026-08-10T00:00:00.000Z","confidence":0.5241050124168396,"between":null,"provider":"meta","resource":"meta","version":"2026-08-10"},{"property":"/properties/confidence","dataset":"Overture","license":"CDLA-Permissive-2.0","record_id":null,"update_time":"2026-08-14T19:46:07Z","confidence":null,"between":null,"provider":"overture","resource":"confidence_calculation","version":"2026-08-14"}],"basic_category":"cafe","taxonomy":{"primary":"cafe","hierarchy":["food_and_drink","casual_eatery","cafe"],"alternates":null},"version":9}},
{"id":"079e8697-34b6-4dc7-9057-aa40a59c3e05","type":"Feature","geometry":{"type":"Point","coordinates":[78.26946242,21.47662088]},"properties":{"categories":{"primary":"automotive_repair","alternate":["automotive_repair","automotive"]},"confidence":0.46471357345581055,"socials":["https://www.facebook.com/106502819903871"],"phones":["+918888422259"],"brand":{"wikidata":null,"names":{"primary":null,"common":null,"rules":null}},"addresses":[{"freeform":"Kubade Building, Pandhurna","locality":"Warud","postcode":"444906","region":"MH","country":"IN"}],"names":{"primary":"Aadi Motors","common":null,"rules":null},"sources":[{"property":"","dataset":"meta","license":"CDLA-Permissive-2.0","record_id":"106502819903871","update_time":"2026-08-10T00:00:00.000Z","confidence":0.46471357345581055,"between":null,"provider":"meta","resource":"meta","version":"2026-08-10"},{"property":"/properties/confidence","dataset":"Overture","license":"CDLA-Permissive-2.0","record_id":null,"update_time":"2026-08-14T19:46:07Z","confidence":null,"between":null,"provider":"overture","resource":"confidence_calculation","version":"2026-08-14"}],"basic_category":"automotive_service","taxonomy":{"primary":"automotive_repair","hierarchy":["travel_and_transportation","vehicle_service","automotive_service","automotive_repair"],"alternates":null},"version":6}},
{"id":"58706b2f-c9ba-448a-a9ad-2b5dc02feecf","type":"Feature","geometry":{"type":"Point","coordinates":[78.26887265,21.47654346]},"properties":{"categories":{"primary":"car_dealer","alternate":null},"confidence":0.47900402545928955,"socials":["https://www.facebook.com/112650640217205"],"brand":{"wikidata":null,"names":{"primary":null,"common":null,"rules":null}},"addresses":[{"freeform":"Msh-10, Warud Morshi Road","locality":"Warud","postcode":"444906","region":"MH","country":"IN"}],"names":{"primary":"Bajaj Gurukrupa Bajaj","common":null,"rules":null},"sources":[{"property":"","dataset":"meta","license":"CDLA-Permissive-2.0","record_id":"112650640217205","update_time":"2026-08-10T00:00:00.000Z","confidence":0.47900402545928955,"between":null,"provider":"meta","resource":"meta","version":"2026-08-10"},{"property":"/properties/confidence","dataset":"Overture","license":"CDLA-Permissive-2.0","record_id":null,"update_time":"2026-08-14T19:46:07Z","confidence":null,"between":null,"provider":"overture","resource":"confidence_calculation","version":"2026-08-14"}],"basic_category":"auto_dealer","taxonomy":{"primary":"auto_dealer","hierarchy":["shopping","vehicle_dealer","auto_dealer"],"alternates":null},"version":8}},
{"id":"daca7d0c-0d96-4a6d-9e3c-790886b3ac53","type":"Feature","geometry":{"type":"Point","coordinates":[78.26893663,21.47680416]},"properties":{"categories":{"primary":"party_and_event_planning","alternate":["commercial_industrial","industrial_company"]},"confidence":0.37214016914367676,"socials":["https://www.facebook.com/302894620231614"],"brand":{"wikidata":null,"names":{"primary":null,"common":null,"rules":null}},"addresses":[{"freeform":"Warud Road","locality":"Warud","postcode":"444906","region":"MH","country":"IN"}],"names":{"primary":"Bhavani Road Lines","common":null,"rules":null},"sources":[{"property":"","dataset":"meta","license":"CDLA-Permissive-2.0","record_id":"302894620231614","update_time":"2026-08-10T00:00:00.000Z","confidence":0.37214016914367676,"between":null,"provider":"meta","resource":"meta","version":"2026-08-10"},{"property":"/properties/confidence","dataset":"Overture","license":"CDLA-Permissive-2.0","record_id":null,"update_time":"2026-08-14T19:46:07Z","confidence":null,"between":null,"provider":"overture","resource":"confidence_calculation","version":"2026-08-14"}],"basic_category":"event_or_party_service","taxonomy":{"primary":"party_and_event_planning","hierarchy":["services_and_business","event_or_party_service","party_and_event_planning"],"alternates":null},"version":9}},
{"id":"501f5418-2a31-449f-86fb-974abd590911","type":"Feature","geometry":{"type":"Point","coordinates":[78.26891397208551,21.47675560357863]},"properties":{"categories":{"primary":"dermatologist","alternate":null},"confidence":0.2913198173046112,"websites":["https://www.instagram.com/yashodaderma/"],"socials":["https://www.facebook.com/738985775964383"],"phones":["+917229233000"],"brand":{"wikidata":null,"names":{"primary":null,"common":null,"rules":null}},"addresses":[{"freeform":"Yashoda Balrugnalay & Skin care center  Renuka Nagar  Pandhurna chowk  A/P Warud Taluka Warud Dist Amravati (M. S) 444906","locality":"Warud","postcode":"444906","region":"MH","country":"IN"}],"names":{"primary":"Dr. Trupti Hole - Dermatologist","common":null,"rules":null},"sources":[{"property":"","dataset":"meta","license":"CDLA-Permissive-2.0","record_id":"738985775964383","update_time":"2026-08-10T00:00:00.000Z","confidence":0.2913198173046112,"between":null,"provider":"meta","resource":"meta","version":"2026-08-10"},{"property":"/properties/confidence","dataset":"Overture","license":"CDLA-Permissive-2.0","record_id":null,"update_time":"2026-08-14T19:46:07Z","confidence":null,"between":null,"provider":"overture","resource":"confidence_calculation","version":"2026-08-14"}],"basic_category":"specialized_health_care","taxonomy":{"primary":"dermatology","hierarchy":["health_care","outpatient_care_facility","specialized_health_care","medical_skin_care","dermatology"],"alternates":null},"version":1}},
{"id":"bef859ac-3bc2-4f00-92d2-6d65a294261f","type":"Feature","geometry":{"type":"Point","coordinates":[78.2688499,21.47712366]},"properties":{"categories":{"primary":"clothing_store","alternate":["fashion"]},"confidence":0.5533120036125183,"websites":["https://reliancetrends.com/"],"socials":["https://www.facebook.com/362590163603230"],"phones":["+919096675801"],"brand":{"wikidata":null,"names":{"primary":"TRENDS Stores","common":null,"rules":null}},"addresses":[{"freeform":"SHRI KRISHANA PLAZA RELIANCE TRENDS PANDHURNA ROAD WEST DISTRICT AMRAVATI NEAR PANDHURNA CHOCK","locality":"Warud","postcode":"444906","region":"MH","country":"IN"}],"names":{"primary":"Trends","common":null,"rules":null},"sources":[{"property":"","dataset":"meta","license":"CDLA-Permissive-2.0","record_id":"362590163603230","update_time":"2026-08-10T00:00:00.000Z","confidence":0.5533120036125183,"between":null,"provider":"meta","resource":"meta","version":"2026-08-10"},{"property":"/properties/confidence","dataset":"Overture","license":"CDLA-Permissive-2.0","record_id":null,"update_time":"2026-08-14T19:46:07Z","confidence":null,"between":null,"provider":"overture","resource":"confidence_calculation","version":"2026-08-14"}],"basic_category":"fashion_and_apparel_store","taxonomy":{"primary":"clothing_store","hierarchy":["shopping","fashion_and_apparel_store","clothing_store"],"alternates":null},"version":9}},
{"id":"b15bd5dd-aca8-4655-9f8e-1ce30940d69a","type":"Feature","geometry":{"type":"Point","coordinates":[78.26902862,21.47799766]},"properties":{"categories":{"primary":"hospital","alternate":null},"confidence":0.5676687359809875,"socials":["https://www.facebook.com/166859457492006"],"brand":{"wikidata":null,"names":{"primary":null,"common":null,"rules":null}},"addresses":[{"freeform":"Warud Road","locality":"Warud","postcode":"444907","region":"MH","country":"IN"}],"names":{"primary":"dr.manohar ande hospital","common":null,"rules":null},"sources":[{"property":"","dataset":"meta","license":"CDLA-Permissive-2.0","record_id":"166859457492006","update_time":"2026-08-10T00:00:00.000Z","confidence":0.5676687359809875,"between":null,"provider":"meta","resource":"meta","version":"2026-08-10"},{"property":"/properties/confidence","dataset":"Overture","license":"CDLA-Permissive-2.0","record_id":null,"update_time":"2026-08-14T19:46:07Z","confidence":null,"between":null,"provider":"overture","resource":"confidence_calculation","version":"2026-08-14"}],"basic_category":"hospital","taxonomy":{"primary":"hospital","hierarchy":["health_care","hospital"],"alternates":null},"version":8}},
{"id":"d449089f-88d2-4b74-b0ab-59baed87ad9d","type":"Feature","geometry":{"type":"Point","coordinates":[78.26923602,21.4788468]},"properties":{"categories":{"primary":"hospital","alternate":["health_and_medical"]},"confidence":0.5259742140769958,"socials":["https://www.facebook.com/562238140834922"],"phones":["+919623394594"],"brand":{"wikidata":null,"names":{"primary":null,"common":null,"rules":null}},"addresses":[{"freeform":"","locality":"Warud","postcode":"444906","region":"MH","country":"IN"}],"names":{"primary":"Kashikar hospital","common":null,"rules":null},"sources":[{"property":"","dataset":"meta","license":"CDLA-Permissive-2.0","record_id":"562238140834922","update_time":"2026-08-10T00:00:00.000Z","confidence":0.5259742140769958,"between":null,"provider":"meta","resource":"meta","version":"2026-08-10"},{"property":"/properties/confidence","dataset":"Overture","license":"CDLA-Permissive-2.0","record_id":null,"update_time":"2026-08-14T19:46:07Z","confidence":null,"between":null,"provider":"overture","resource":"confidence_calculation","version":"2026-08-14"}],"basic_category":"hospital","taxonomy":{"primary":"hospital","hierarchy":["health_care","hospital"],"alternates":null},"version":2}},
{"id":"21fab08a-0310-4492-ba1a-3f050d799862","type":"Feature","geometry":{"type":"Point","coordinates":[78.26984068,21.47761784]},"properties":{"categories":{"primary":"tutoring_center","alternate":["education"]},"confidence":0.5454448461532593,"websites":["http://www.instagram/trpawan_g"],"emails":["pganorkar8@gmail.com"],"socials":["https://www.facebook.com/1721343964809219"],"brand":{"wikidata":null,"names":{"primary":null,"common":null,"rules":null}},"addresses":[{"freeform":"Warud ","locality":"Warud","postcode":"444906","region":"MH","country":"IN"}],"names":{"primary":"Aim Academy Warud","common":null,"rules":null},"sources":[{"property":"","dataset":"meta","license":"CDLA-Permissive-2.0","record_id":"1721343964809219","update_time":"2026-08-10T00:00:00.000Z","confidence":0.5454448461532593,"between":null,"provider":"meta","resource":"meta","version":"2026-08-10"},{"property":"/properties/confidence","dataset":"Overture","license":"CDLA-Permissive-2.0","record_id":null,"update_time":"2026-08-14T19:46:07Z","confidence":null,"between":null,"provider":"overture","resource":"confidence_calculation","version":"2026-08-14"}],"basic_category":"tutoring_service","taxonomy":{"primary":"tutoring_service","hierarchy":["education","educational_service","tutoring_service"],"alternates":null},"version":10}},
{"id":"d5bca959-3fed-406d-a22b-e36d057340b1","type":"Feature","geometry":{"type":"Point","coordinates":[78.271684,21.4762801]},"properties":{"confidence":0.9655,"websites":["https://stores.exidecare.com/exide-care-v-k-trading-co-battery-store-transport-nagar-jammu-271362/Home?utm_source=locator&utm_medium=bing"],"phones":["08069761702"],"addresses":[{"freeform":"Shop No 4, Yard No Ext 3, Transport Nagar","locality":"Jammu","postcode":"180004","region":"","country":"IN"}],"names":{"primary":"Exide Care - V.K. Trading Co","common":null,"rules":null},"sources":[{"property":"","dataset":"Microsoft","license":"CDLA-Permissive-2.0","record_id":"1688849865710851","update_time":"2023-06-06T11:03:19.447Z","confidence":0.85,"between":null,"provider":"microsoft","resource":"microsoft","version":"2025-10-20"},{"property":"/properties/confidence","dataset":"Overture","license":"CDLA-Permissive-2.0","record_id":null,"update_time":"2026-08-14T19:46:07Z","confidence":null,"between":null,"provider":"overture","resource":"confidence_calculation","version":"2026-08-14"}],"version":5}},
{"id":"934c0d2f-5609-454b-a228-3cb8e1b0bc5c","type":"Feature","geometry":{"type":"Point","coordinates":[78.2716835,21.4762796]},"properties":{"categories":{"primary":"electronics","alternate":null},"confidence":0.77,"websites":["https://stores.exidecare.com/exide-care-amar-auto-electric-works-battery-store-talwandi-road-firozpur-255100/Home"],"phones":["080 6935 1909"],"addresses":[{"freeform":"Ground Floor","locality":"Firozpur","postcode":"142052","region":"Punjab","country":"IN"}],"names":{"primary":"Exide Care - Amar Auto Electric Works","common":null,"rules":null},"sources":[{"property":"","dataset":"Foursquare","license":"Apache-2.0","record_id":"66fea99331ef5e0e368aab1e","update_time":"2024-10-03T00:00:00.000","confidence":0.77,"between":null,"provider":"foursquare","resource":"foursquare","version":"2026-04-14"},{"property":"/properties/confidence","dataset":"Overture","license":"CDLA-Permissive-2.0","record_id":null,"update_time":"2026-08-14T19:46:07Z","confidence":null,"between":null,"provider":"overture","resource":"confidence_calculation","version":"2026-08-14"}],"basic_category":"electronics_store","taxonomy":{"primary":"electronics_store","hierarchy":["shopping","specialty_store","electronics_store"],"alternates":null},"version":4}},
{"id":"b5d39146-f52d-47f5-bb76-e7703dbc4bad","type":"Feature","geometry":{"type":"Point","coordinates":[78.27130669,21.47661959]},"properties":{"categories":{"primary":"lodge","alternate":["accommodation","hotel"]},"confidence":0.7319250106811523,"socials":["https://www.facebook.com/428943900972807"],"phones":["+919421826833"],"brand":{"wikidata":null,"names":{"primary":null,"common":null,"rules":null}},"addresses":[{"freeform":"Pandhurna Road, MH MSH 10","locality":"Warud","postcode":"444906","region":"MH","country":"IN"}],"names":{"primary":"Trimurti Lodge","common":null,"rules":null},"sources":[{"property":"","dataset":"meta","license":"CDLA-Permissive-2.0","record_id":"428943900972807","update_time":"2026-08-10T00:00:00.000Z","confidence":0.7319250106811523,"between":null,"provider":"meta","resource":"meta","version":"2026-08-10"},{"property":"/properties/confidence","dataset":"Overture","license":"CDLA-Permissive-2.0","record_id":null,"update_time":"2026-08-14T19:46:07Z","confidence":null,"between":null,"provider":"overture","resource":"confidence_calculation","version":"2026-08-14"}],"basic_category":"lodging","taxonomy":{"primary":"lodge","hierarchy":["lodging","lodge"],"alternates":null},"version":8}},
{"id":"917ffeb2-fb13-4a55-ab96-9f17c2ee8747","type":"Feature","geometry":{"type":"Point","coordinates":[78.2713905,21.4764956]},"properties":{"categories":{"primary":"college_university","alternate":null},"confidence":0.5493798851966858,"socials":["https://www.facebook.com/619277458527791"],"brand":{"wikidata":null,"names":{"primary":null,"common":null,"rules":null}},"addresses":[{"freeform":"    ","locality":"Warud","postcode":null,"region":"MH","country":"IN"}],"names":{"primary":"Jahanaganj Sri Ram Rastiya Inter College","common":null,"rules":null},"sources":[{"property":"","dataset":"meta","license":"CDLA-Permissive-2.0","record_id":"619277458527791","update_time":"2026-08-10T00:00:00.000Z","confidence":0.5493798851966858,"between":null,"provider":"meta","resource":"meta","version":"2026-08-10"},{"property":"/properties/confidence","dataset":"Overture","license":"CDLA-Permissive-2.0","record_id":null,"update_time":"2026-08-14T19:46:07Z","confidence":null,"between":null,"provider":"overture","resource":"confidence_calculation","version":"2026-08-14"}],"basic_category":"college_university","taxonomy":{"primary":"college_university","hierarchy":["education","place_of_learning","college_university"],"alternates":null},"version":8}},
{"id":"c7a78b5e-2f5d-45ff-a5e3-bf4ba703fb3e","type":"Feature","geometry":{"type":"Point","coordinates":[78.271001,21.4760001]},"properties":{"categories":{"primary":"industrial_equipment","alternate":null},"confidence":0.9655,"websites":["https://stores.exidecare.com/exide-care-anand-motors-battery-store-narwana-narwana-255134/Home?utm_source=locator&utm_medium=bing"],"phones":["08879633173"],"addresses":[{"freeform":"Patiala Road","locality":"Narwana","postcode":"126116","region":"Haryana","country":"IN"}],"names":{"primary":"Exide Care - Anand Motors","common":null,"rules":null},"sources":[{"property":"","dataset":"Microsoft","license":"CDLA-Permissive-2.0","record_id":"1688849865710646","update_time":"2023-06-06T11:03:19.447Z","confidence":0.85,"between":null,"provider":"microsoft","resource":"microsoft","version":"2025-10-20"},{"property":"/properties/confidence","dataset":"Overture","license":"CDLA-Permissive-2.0","record_id":null,"update_time":"2026-08-14T19:46:07Z","confidence":null,"between":null,"provider":"overture","resource":"confidence_calculation","version":"2026-08-14"}],"basic_category":"manufacturer","taxonomy":{"primary":"industrial_equipment_manufacturer","hierarchy":["services_and_business","b2b_service","manufacturer","machinery_and_tool_manufacturer","industrial_equipment_manufacturer"],"alternates":null},"version":7}},
{"id":"5857b732-52ab-4705-a052-ace1a32b0098","type":"Feature","geometry":{"type":"Point","coordinates":[78.2705953,21.4754568]},"properties":{"categories":{"primary":"atms","alternate":null},"confidence":0.85,"websites":["https://near-me.hdfcbank.com/branch-atm-locator/hdfc-bank-atm-multai-chowk-warud-atm-warud-amravati-293102/Home?utm_source=locator&utm_medium=bing"],"phones":["09426792001"],"addresses":[{"freeform":"Shop No 5, Plot No 272, Londe Complex, Ward No 1, Multai Chowk, Warud","locality":"Amravati","postcode":"444906","region":"Maharashtra","country":"IN"}],"names":{"primary":"HDFC Bank ATM","common":null,"rules":null},"sources":[{"property":"","dataset":"Microsoft","license":"CDLA-Permissive-2.0","record_id":"1688849865882899","update_time":"2024-02-18T13:12:39.113Z","confidence":0.85,"between":null,"provider":"microsoft","resource":"microsoft","version":"2025-10-20"},{"property":"/properties/confidence","dataset":"Overture","license":"CDLA-Permissive-2.0","record_id":null,"update_time":"2026-08-14T19:46:07Z","confidence":null,"between":null,"provider":"overture","resource":"confidence_calculation","version":"2026-08-14"}],"basic_category":"atm","taxonomy":{"primary":"atm","hierarchy":["services_and_business","financial_service","atm"],"alternates":null},"version":6}},
{"id":"2ced06ae-62bb-4a33-947f-533101c2b3f8","type":"Feature","geometry":{"type":"Point","coordinates":[78.273128718138,21.475254758815]},"properties":{"categories":{"primary":"educational_services","alternate":null},"confidence":0.8504273891448975,"emails":["sani_rt@yahoo.co.in"],"socials":["https://www.facebook.com/101694772494355"],"phones":["+919767375777"],"brand":{"wikidata":null,"names":{"primary":null,"common":null,"rules":null}},"addresses":[{"freeform":"Near Havells Gallery, Ring Road, Warud","locality":"Warud","postcode":"444906","region":"MH","country":"IN"}],"names":{"primary":"Saraswati Coaching Classes  - सरस्वती कोचिंग क्लासेस","common":null,"rules":null},"sources":[{"property":"","dataset":"meta","license":"CDLA-Permissive-2.0","record_id":"101694772494355","update_time":"2026-08-10T00:00:00.000Z","confidence":0.8504273891448975,"between":null,"provider":"meta","resource":"meta","version":"2026-08-10"},{"property":"/properties/confidence","dataset":"Overture","license":"CDLA-Permissive-2.0","record_id":null,"update_time":"2026-08-14T19:46:07Z","confidence":null,"between":null,"provider":"overture","resource":"confidence_calculation","version":"2026-08-14"}],"basic_category":"educational_service","taxonomy":{"primary":"educational_service","hierarchy":["education","educational_service"],"alternates":null},"version":8}},
{"id":"6699e9a8-a2f2-4bc3-a9a8-bae814019bde","type":"Feature","geometry":{"type":"Point","coordinates":[78.272480964661,21.476338018228]},"properties":{"categories":{"primary":"diagnostic_services","alternate":null},"confidence":0.5864728689193726,"websites":["https://drkohalehomoeopathy.com/"],"socials":["https://www.facebook.com/799422506866826"],"phones":["+919561596017"],"brand":{"wikidata":null,"names":{"primary":null,"common":null,"rules":null}},"addresses":[{"freeform":"यूनियन बैंक ऑफ इंडिया जवळ वरुड ","locality":"Warud","postcode":"444906","region":"MH","country":"IN"}],"names":{"primary":"Dr.Kohale Homeopathy","common":null,"rules":null},"sources":[{"property":"","dataset":"meta","license":"CDLA-Permissive-2.0","record_id":"799422506866826","update_time":"2026-08-10T00:00:00.000Z","confidence":0.5864728689193726,"between":null,"provider":"meta","resource":"meta","version":"2026-08-10"},{"property":"/properties/confidence","dataset":"Overture","license":"CDLA-Permissive-2.0","record_id":null,"update_time":"2026-08-14T19:46:07Z","confidence":null,"between":null,"provider":"overture","resource":"confidence_calculation","version":"2026-08-14"}],"basic_category":"diagnostics_imaging_or_lab_service","taxonomy":{"primary":"doctors_office","hierarchy":["health_care","outpatient_care_facility","diagnostics_imaging_or_lab_service","doctors_office"],"alternates":null},"version":9}},
{"id":"bf1cbc2d-8890-46df-9ce7-469652b25729","type":"Feature","geometry":{"type":"Point","coordinates":[78.2730728,21.47679544]},"properties":{"categories":{"primary":"hotel","alternate":["bar","accommodation"]},"confidence":0.7191707491874695,"socials":["https://www.facebook.com/115139903679666"],"phones":["+919130536638"],"brand":{"wikidata":null,"names":{"primary":null,"common":null,"rules":null}},"addresses":[{"freeform":"Giants Chowk, Pandhurna Bypass Rd","locality":"Warud","postcode":"444906","region":"MH","country":"IN"}],"names":{"primary":"Hotel Sagar and Wine Bar","common":null,"rules":null},"sources":[{"property":"","dataset":"meta","license":"CDLA-Permissive-2.0","record_id":"115139903679666","update_time":"2026-08-10T00:00:00.000Z","confidence":0.7191707491874695,"between":null,"provider":"meta","resource":"meta","version":"2026-08-10"},{"property":"/properties/confidence","dataset":"Overture","license":"CDLA-Permissive-2.0","record_id":null,"update_time":"2026-08-14T19:46:07Z","confidence":null,"between":null,"provider":"overture","resource":"confidence_calculation","version":"2026-08-14"}],"basic_category":"hotel","taxonomy":{"primary":"hotel","hierarchy":["lodging","hotel"],"alternates":null},"version":8}},
{"id":"c872bc17-2c4c-465c-b21c-a72da372171a","type":"Feature","geometry":{"type":"Point","coordinates":[78.27340428,21.47692189]},"properties":{"categories":{"primary":"shopping","alternate":["bookstore"]},"confidence":0.554545521736145,"websites":["http://Www.newGayatribookdepo.com/"],"emails":["rudrakhandelwal999@gmail.com"],"socials":["https://www.facebook.com/115295784886239"],"phones":["+918999201687"],"brand":{"wikidata":null,"names":{"primary":null,"common":null,"rules":null}},"addresses":[{"freeform":"Shop No 1, Pusla Rd","locality":"Warud","postcode":"444906","region":"MH","country":"IN"}],"names":{"primary":"New Gayatri Book Depo","common":null,"rules":null},"sources":[{"property":"","dataset":"meta","license":"CDLA-Permissive-2.0","record_id":"115295784886239","update_time":"2026-08-10T00:00:00.000Z","confidence":0.554545521736145,"between":null,"provider":"meta","resource":"meta","version":"2026-08-10"},{"property":"/properties/confidence","dataset":"Overture","license":"CDLA-Permissive-2.0","record_id":null,"update_time":"2026-08-14T19:46:07Z","confidence":null,"between":null,"provider":"overture","resource":"confidence_calculation","version":"2026-08-14"}],"basic_category":"shopping","taxonomy":{"primary":"shopping","hierarchy":["shopping"],"alternates":null},"version":11}},
{"id":"cda25218-e84f-4921-8505-40cff03b8dce","type":"Feature","geometry":{"type":"Point","coordinates":[78.273421,21.476972]},"properties":{"categories":{"primary":"atms","alternate":null},"confidence":1.0,"websites":["https://www.axisbank.com/"],"phones":["+9118605005555"],"addresses":[{"freeform":"Ground Floor, Giants Chowk","locality":"Amravati","postcode":"444906","region":"MH","country":"IN"}],"names":{"primary":"Axis Bank ATM","common":null,"rules":null},"sources":[{"property":"","dataset":"DAC","license":"CDLA-Permissive-2.0","record_id":"overture:places:place:9000788609","update_time":"2026-08-11T20:47:18.614Z","confidence":1.0,"between":null,"provider":"dac","resource":"dac","version":"2026-08-10"},{"property":"/properties/confidence","dataset":"Overture","license":"CDLA-Permissive-2.0","record_id":null,"update_time":"2026-08-14T19:46:07Z","confidence":null,"between":null,"provider":"overture","resource":"confidence_calculation","version":"2026-08-14"}],"basic_category":"atm","taxonomy":{"primary":"atm","hierarchy":["services_and_business","financial_service","atm"],"alternates":null},"version":6}},
{"id":"5abbd5ff-b0e8-4979-8aad-795764fd34c2","type":"Feature","geometry":{"type":"Point","coordinates":[78.27481,21.475647299926]},"properties":{"categories":{"primary":"hospital","alternate":null},"confidence":0.8703158497810364,"websites":["https://shree-yashwant-hospital-and-netralaya-warud.business.site/"],"socials":["https://www.facebook.com/109286471818491"],"brand":{"wikidata":null,"names":{"primary":null,"common":null,"rules":null}},"addresses":[{"freeform":"Pandhurna square, Near NTR Convent ","locality":"Warud","postcode":"<<not-applicable>>","region":"MH","country":"IN"}],"names":{"primary":"Shree Yashwant Hospital and Netralaya Warud","common":null,"rules":null},"sources":[{"property":"","dataset":"meta","license":"CDLA-Permissive-2.0","record_id":"109286471818491","update_time":"2026-08-10T00:00:00.000Z","confidence":0.8703158497810364,"between":null,"provider":"meta","resource":"meta","version":"2026-08-10"},{"property":"/properties/confidence","dataset":"Overture","license":"CDLA-Permissive-2.0","record_id":null,"update_time":"2026-08-14T19:46:07Z","confidence":null,"between":null,"provider":"overture","resource":"confidence_calculation","version":"2026-08-14"}],"basic_category":"hospital","taxonomy":{"primary":"hospital","hierarchy":["health_care","hospital"],"alternates":null},"version":8}},
{"id":"af18250f-a0bd-4724-99c8-dfff3ceb69b9","type":"Feature","geometry":{"type":"Point","coordinates":[78.27496319,21.47640853]},"properties":{"categories":{"primary":"carpet_store","alternate":["automotive_parts_and_accessories","automotive"]},"confidence":0.37321609258651733,"socials":["https://www.facebook.com/186419308540403"],"brand":{"wikidata":null,"names":{"primary":null,"common":null,"rules":null}},"addresses":[{"freeform":null,"locality":"Warud","postcode":null,"region":"MH","country":"IN"}],"names":{"primary":"Jain Auto Parts","common":null,"rules":null},"sources":[{"property":"","dataset":"meta","license":"CDLA-Permissive-2.0","record_id":"186419308540403","update_time":"2026-08-10T00:00:00.000Z","confidence":0.37321609258651733,"between":null,"provider":"meta","resource":"meta","version":"2026-08-10"},{"property":"/properties/confidence","dataset":"Overture","license":"CDLA-Permissive-2.0","record_id":null,"update_time":"2026-08-14T19:46:07Z","confidence":null,"between":null,"provider":"overture","resource":"confidence_calculation","version":"2026-08-14"}],"basic_category":"hardware_home_and_garden_store","taxonomy":{"primary":"carpet_store","hierarchy":["shopping","specialty_store","hardware_home_and_garden_store","carpet_store"],"alternates":null},"version":10}},
{"id":"15420521-9ef1-4395-b216-90e37e611a2e","type":"Feature","geometry":{"type":"Point","coordinates":[78.26940079,21.47964825]},"properties":{"categories":{"primary":"naturopathic_holistic","alternate":["health_and_medical"]},"confidence":0.2370874136686325,"socials":["https://www.facebook.com/108123972267931"],"phones":["+919421738718"],"brand":{"wikidata":null,"names":{"primary":null,"common":null,"rules":null}},"addresses":[{"freeform":"Shri, Chowk, near Kashikar Hospital","locality":"Warud","postcode":"444906","region":"MH","country":"IN"}],"names":{"primary":"Shree Vishwakrupa Ayurvedic Clinic and Panchakarma Center","common":null,"rules":null},"sources":[{"property":"","dataset":"meta","license":"CDLA-Permissive-2.0","record_id":"108123972267931","update_time":"2026-08-10T00:00:00.000Z","confidence":0.2370874136686325,"between":null,"provider":"meta","resource":"meta","version":"2026-08-10"},{"property":"/properties/confidence","dataset":"Overture","license":"CDLA-Permissive-2.0","record_id":null,"update_time":"2026-08-14T19:46:07Z","confidence":null,"between":null,"provider":"overture","resource":"confidence_calculation","version":"2026-08-14"}],"basic_category":"complementary_and_alternative_medicine","taxonomy":{"primary":"naturopathic_medicine","hierarchy":["health_care","outpatient_care_facility","complementary_and_alternative_medicine","naturopathic_medicine"],"alternates":null},"version":8}},
{"id":"cc8c72ea-3e69-4392-825f-58da9022c0ae","type":"Feature","geometry":{"type":"Point","coordinates":[78.26717547,21.48150138]},"properties":{"categories":{"primary":"hospital","alternate":["medical_center"]},"confidence":0.9761292934417725,"websites":["http://www.ashahospitalwarud.com/"],"emails":["ashahospitalwarud@gmail.com"],"socials":["https://www.facebook.com/112581040501897"],"phones":["+918459389349"],"brand":{"wikidata":null,"names":{"primary":null,"common":null,"rules":null}},"addresses":[{"freeform":"Gadgebaba Colony, Warud - Multai Rd","locality":"Warud","postcode":"444906","region":"MH","country":"IN"}],"names":{"primary":"Asha Hospital","common":null,"rules":null},"sources":[{"property":"","dataset":"meta","license":"CDLA-Permissive-2.0","record_id":"112581040501897","update_time":"2026-08-10T00:00:00.000Z","confidence":0.9761292934417725,"between":null,"provider":"meta","resource":"meta","version":"2026-08-10"},{"property":"/properties/confidence","dataset":"Overture","license":"CDLA-Permissive-2.0","record_id":null,"update_time":"2026-08-14T19:46:07Z","confidence":null,"between":null,"provider":"overture","resource":"confidence_calculation","version":"2026-08-14"}],"basic_category":"hospital","taxonomy":{"primary":"hospital","hierarchy":["health_care","hospital"],"alternates":null},"version":10}},
{"id":"ca99bdcd-ef2d-4740-8ee3-ac7c7fc0428b","type":"Feature","geometry":{"type":"Point","coordinates":[78.26742998,21.48232496]},"properties":{"categories":{"primary":"car_dealer","alternate":["automotive_dealer"]},"confidence":0.9880101084709167,"websites":["http://arenaofwarudmultairoad.com/"],"socials":["https://www.facebook.com/105454161913879"],"phones":["+918071647179"],"brand":{"wikidata":null,"names":{"primary":"Maruti Suzuki Arena","common":null,"rules":null}},"addresses":[{"freeform":"P. NO. 60, Warud - Multai Rd, near Gurudwara","locality":"Warud","postcode":"444906","region":"MH","country":"IN"}],"names":{"primary":"Maruti Suzuki Arena","common":null,"rules":null},"sources":[{"property":"","dataset":"meta","license":"CDLA-Permissive-2.0","record_id":"105454161913879","update_time":"2026-08-10T00:00:00.000Z","confidence":0.9880101084709167,"between":null,"provider":"meta","resource":"meta","version":"2026-08-10"},{"property":"/properties/confidence","dataset":"Overture","license":"CDLA-Permissive-2.0","record_id":null,"update_time":"2026-08-14T19:46:07Z","confidence":null,"between":null,"provider":"overture","resource":"confidence_calculation","version":"2026-08-14"}],"basic_category":"auto_dealer","taxonomy":{"primary":"auto_dealer","hierarchy":["shopping","vehicle_dealer","auto_dealer"],"alternates":null},"version":9}},
{"id":"228c59d1-531f-4680-9cfb-7bcee91a8307","type":"Feature","geometry":{"type":"Point","coordinates":[78.26764127,21.48097167]},"properties":{"categories":{"primary":"high_school","alternate":null},"confidence":0.29903939366340637,"socials":["https://www.facebook.com/1496274953749931"],"brand":{"wikidata":null,"names":{"primary":null,"common":null,"rules":null}},"addresses":[{"freeform":"Warud - Multai Rd","locality":"Warud","postcode":"444906","region":"MH","country":"IN"}],"names":{"primary":"Girls Christian High School","common":null,"rules":null},"sources":[{"property":"","dataset":"meta","license":"CDLA-Permissive-2.0","record_id":"1496274953749931","update_time":"2026-08-10T00:00:00.000Z","confidence":0.29903939366340637,"between":null,"provider":"meta","resource":"meta","version":"2026-08-10"},{"property":"/properties/confidence","dataset":"Overture","license":"CDLA-Permissive-2.0","record_id":null,"update_time":"2026-08-14T19:46:07Z","confidence":null,"between":null,"provider":"overture","resource":"confidence_calculation","version":"2026-08-14"}],"basic_category":"high_school","taxonomy":{"primary":"high_school","hierarchy":["education","place_of_learning","school","high_school"],"alternates":null},"version":8}},
{"id":"cf46f119-f798-4eb0-aa30-00a9d8e80e57","type":"Feature","geometry":{"type":"Point","coordinates":[78.26760968,21.47772875]},"properties":{"categories":{"primary":"restaurant","alternate":["wine_bar","bar"]},"confidence":0.5335469245910645,"socials":["https://www.facebook.com/302266990210810"],"brand":{"wikidata":null,"names":{"primary":null,"common":null,"rules":null}},"addresses":[{"freeform":"Warud Road","locality":"Warud","postcode":"444906","region":"MH","country":"IN"}],"names":{"primary":"Prasanna Bar and Restaurant","common":null,"rules":null},"sources":[{"property":"","dataset":"meta","license":"CDLA-Permissive-2.0","record_id":"302266990210810","update_time":"2026-08-10T00:00:00.000Z","confidence":0.5335469245910645,"between":null,"provider":"meta","resource":"meta","version":"2026-08-10"},{"property":"/properties/confidence","dataset":"Overture","license":"CDLA-Permissive-2.0","record_id":null,"update_time":"2026-08-14T19:46:07Z","confidence":null,"between":null,"provider":"overture","resource":"confidence_calculation","version":"2026-08-14"}],"basic_category":"restaurant","taxonomy":{"primary":"restaurant","hierarchy":["food_and_drink","restaurant"],"alternates":null},"version":10}},
{"id":"b75a65dc-8470-4ca2-8b44-6fd67b791425","type":"Feature","geometry":{"type":"Point","coordinates":[78.26760032,21.47801197]},"properties":{"categories":{"primary":"party_and_event_planning","alternate":["commercial_industrial","industrial_company"]},"confidence":0.4493117928504944,"socials":["https://www.facebook.com/1915426881831015"],"brand":{"wikidata":null,"names":{"primary":null,"common":null,"rules":null}},"addresses":[{"freeform":"Warud Road","locality":"Warud","postcode":"444906","region":"MH","country":"IN"}],"names":{"primary":"Kgna Parts","common":null,"rules":null},"sources":[{"property":"","dataset":"meta","license":"CDLA-Permissive-2.0","record_id":"1915426881831015","update_time":"2026-08-10T00:00:00.000Z","confidence":0.4493117928504944,"between":null,"provider":"meta","resource":"meta","version":"2026-08-10"},{"property":"/properties/confidence","dataset":"Overture","license":"CDLA-Permissive-2.0","record_id":null,"update_time":"2026-08-14T19:46:07Z","confidence":null,"between":null,"provider":"overture","resource":"confidence_calculation","version":"2026-08-14"}],"basic_category":"event_or_party_service","taxonomy":{"primary":"party_and_event_planning","hierarchy":["services_and_business","event_or_party_service","party_and_event_planning"],"alternates":null},"version":9}},
{"id":"15cc01c1-2b23-46e3-9a2a-6a2e7ce2efd8","type":"Feature","geometry":{"type":"Point","coordinates":[78.268425,21.477014]},"properties":{"categories":{"primary":"mobile_phone_store","alternate":null},"confidence":0.77,"websites":["https://www.samsungexclusivestores.in/samsung-experience-store-prabhagaurav-electrical-electronices-warud-mobile-phone-shop-warud-amravati-327294/Home"],"phones":["077099 54076"],"addresses":[{"freeform":"Shri Krishna Plaza,Pandhurna Chowk","locality":"Amravati","postcode":"444906","region":"Maharashtra","country":"IN"}],"names":{"primary":"Samsung Experience Store - Prabhagaurav Electrical & Electronices - Warud","common":null,"rules":null},"sources":[{"property":"","dataset":"Foursquare","license":"Apache-2.0","record_id":"68189365f3f71572cb7da536","update_time":"2025-05-05T00:00:00.000","confidence":0.77,"between":null,"provider":"foursquare","resource":"foursquare","version":"2026-04-14"},{"property":"/properties/confidence","dataset":"Overture","license":"CDLA-Permissive-2.0","record_id":null,"update_time":"2026-08-14T19:46:07Z","confidence":null,"between":null,"provider":"overture","resource":"confidence_calculation","version":"2026-08-14"}],"basic_category":"electronics_store","taxonomy":{"primary":"mobile_phone_store","hierarchy":["shopping","specialty_store","electronics_store","mobile_phone_store"],"alternates":null},"version":4}},
{"id":"2d36f68d-e331-4925-ba88-65f0f438ade3","type":"Feature","geometry":{"type":"Point","coordinates":[78.2681624,21.4769691]},"properties":{"categories":{"primary":"pharmacy","alternate":null},"confidence":0.77,"websites":["https://franchise.genericartmedicine.com/genericart-medicine-store-warud-sast-aushadhi-seva-generic-medical-store-pharmacy-warud-amravati-312720/Home"],"phones":["086982 00282"],"addresses":[{"freeform":"Lokamat Office,Multai Chowk","locality":"Amravati","postcode":"444906","region":"Maharashtra","country":"IN"}],"names":{"primary":"Genericart Medicine Store","common":null,"rules":null},"sources":[{"property":"","dataset":"Foursquare","license":"Apache-2.0","record_id":"6819d6ae3df5574c8134c35e","update_time":"2025-05-06T00:00:00.000","confidence":0.77,"between":null,"provider":"foursquare","resource":"foursquare","version":"2026-04-14"},{"property":"/properties/confidence","dataset":"Overture","license":"CDLA-Permissive-2.0","record_id":null,"update_time":"2026-08-14T19:46:07Z","confidence":null,"between":null,"provider":"overture","resource":"confidence_calculation","version":"2026-08-14"}],"basic_category":"pharmacy_and_drug_store","taxonomy":{"primary":"pharmacy","hierarchy":["shopping","specialty_store","pharmacy_and_drug_store","pharmacy"],"alternates":null},"version":5}},
{"id":"068e4279-ac85-439c-a225-66bf46403dd2","type":"Feature","geometry":{"type":"Point","coordinates":[78.26784,21.4767]},"properties":{"categories":{"primary":"financial_service","alternate":["brokers","investing"]},"confidence":0.6080130338668823,"websites":["http://www.angelbroking.com/"],"emails":["manishldhote@yahoo.com"],"socials":["https://www.facebook.com/218571454887949"],"phones":["+917229232131"],"brand":{"wikidata":null,"names":{"primary":null,"common":null,"rules":null}},"addresses":[{"freeform":"RELIABLE INVESTMENT SHREE VINAYAK COMPLEX NEAR  HARI OM TILES WARUD","locality":"Warud","postcode":"444906","region":"MH","country":"IN"}],"names":{"primary":"Reliable Investment -Warud","common":null,"rules":null},"sources":[{"property":"","dataset":"meta","license":"CDLA-Permissive-2.0","record_id":"218571454887949","update_time":"2026-08-10T00:00:00.000Z","confidence":0.6080130338668823,"between":null,"provider":"meta","resource":"meta","version":"2026-08-10"},{"property":"/properties/confidence","dataset":"Overture","license":"CDLA-Permissive-2.0","record_id":null,"update_time":"2026-08-14T19:46:07Z","confidence":null,"between":null,"provider":"overture","resource":"confidence_calculation","version":"2026-08-14"}],"basic_category":"financial_service","taxonomy":{"primary":"financial_service","hierarchy":["services_and_business","financial_service"],"alternates":null},"version":8}},
{"id":"91abc8ec-335d-425d-b9bf-3add1e1be327","type":"Feature","geometry":{"type":"Point","coordinates":[78.26784,21.4767]},"properties":{"categories":{"primary":"automotive_repair","alternate":["automotive","automotive_dealer"]},"confidence":0.8072330355644226,"emails":["gurukrupaautomobile@gmail.com"],"socials":["https://www.facebook.com/941063972588314"],"phones":["+919422480332"],"brand":{"wikidata":null,"names":{"primary":null,"common":null,"rules":null}},"addresses":[{"freeform":"GURUKRUPA BAJAJ RING ROAD PARDI CHOWK WARUD TAH WARUD DIST AMRAVAT MAHARASHTRAI","locality":"Warud","postcode":"444906","region":"MH","country":"IN"}],"names":{"primary":"Gurukrupa Automobiles warud","common":null,"rules":null},"sources":[{"property":"","dataset":"meta","license":"CDLA-Permissive-2.0","record_id":"941063972588314","update_time":"2026-08-10T00:00:00.000Z","confidence":0.8072330355644226,"between":null,"provider":"meta","resource":"meta","version":"2026-08-10"},{"property":"/properties/confidence","dataset":"Overture","license":"CDLA-Permissive-2.0","record_id":null,"update_time":"2026-08-14T19:46:07Z","confidence":null,"between":null,"provider":"overture","resource":"confidence_calculation","version":"2026-08-14"}],"basic_category":"automotive_service","taxonomy":{"primary":"automotive_repair","hierarchy":["travel_and_transportation","vehicle_service","automotive_service","automotive_repair"],"alternates":null},"version":8}},
{"id":"82c29967-7715-40ee-9529-218960512e53","type":"Feature","geometry":{"type":"Point","coordinates":[78.26784,21.4767]},"properties":{"categories":{"primary":"home_security","alternate":["computer_hardware_company","automation_services"]},"confidence":0.5223219990730286,"websites":["http://www.pushpanjalisystems.co.in/"],"socials":["https://www.facebook.com/1481170508573729"],"phones":["+918888737007"],"brand":{"wikidata":null,"names":{"primary":null,"common":null,"rules":null}},"addresses":[{"freeform":"Mankar Complex Near LIC Office","locality":"Warud Sub-District","postcode":"444906","region":"MH","country":"IN"}],"names":{"primary":"Pushpanjali Systems","common":null,"rules":null},"sources":[{"property":"","dataset":"meta","license":"CDLA-Permissive-2.0","record_id":"1481170508573729","update_time":"2026-08-10T00:00:00.000Z","confidence":0.5223219990730286,"between":null,"provider":"meta","resource":"meta","version":"2026-08-10"},{"property":"/properties/confidence","dataset":"Overture","license":"CDLA-Permissive-2.0","record_id":null,"update_time":"2026-08-14T19:46:07Z","confidence":null,"between":null,"provider":"overture","resource":"confidence_calculation","version":"2026-08-14"}],"basic_category":"home_service","taxonomy":{"primary":"home_security","hierarchy":["services_and_business","home_service","home_security"],"alternates":null},"version":1}},
{"id":"54a39d5f-efc5-4dc7-80af-e00c15d70200","type":"Feature","geometry":{"type":"Point","coordinates":[78.26784,21.4767]},"properties":{"categories":{"primary":"education","alternate":["vitamins_and_supplements","rental_service"]},"confidence":0.6429750919342041,"websites":["http://www.saraswationline.in/"],"socials":["https://www.facebook.com/102099394773572"],"phones":["+919860998011"],"brand":{"wikidata":null,"names":{"primary":"Saraswati Online.Com India Ltd.","common":null,"rules":null}},"addresses":[{"freeform":"Rajkamal chawk","locality":"Warud Sub-District","postcode":"444907","region":"MH","country":"IN"}],"names":{"primary":"Shakuntalai coaching classes","common":null,"rules":null},"sources":[{"property":"","dataset":"meta","license":"CDLA-Permissive-2.0","record_id":"102099394773572","update_time":"2026-08-10T00:00:00.000Z","confidence":0.6429750919342041,"between":null,"provider":"meta","resource":"meta","version":"2026-08-10"},{"property":"/properties/confidence","dataset":"Overture","license":"CDLA-Permissive-2.0","record_id":null,"update_time":"2026-08-14T19:46:07Z","confidence":null,"between":null,"provider":"overture","resource":"confidence_calculation","version":"2026-08-14"}],"basic_category":"education","taxonomy":{"primary":"education","hierarchy":["education"],"alternates":null},"version":12}},
{"id":"c02c48ce-1b60-4b3e-baed-5affdd23ecaf","type":"Feature","geometry":{"type":"Point","coordinates":[78.26784,21.4767]},"properties":{"categories":{"primary":"jewelry_store","alternate":["fashion_accessories_store","jewelry_and_watches_manufacturer"]},"confidence":0.5569158792495728,"socials":["https://www.facebook.com/1828880337379851"],"phones":["+918805419913"],"brand":{"wikidata":null,"names":{"primary":null,"common":null,"rules":null}},"addresses":[{"freeform":"\"KHANDELWAL HOUSE\" MAIN ROAD SARAFA LANE WARUD DISTRICT-AMRAVATI(MS)444906","locality":"Warud","postcode":"444906","region":"MH","country":"IN"}],"names":{"primary":"Kanhyya Gems And Jewellers","common":null,"rules":null},"sources":[{"property":"","dataset":"meta","license":"CDLA-Permissive-2.0","record_id":"1828880337379851","update_time":"2026-08-10T00:00:00.000Z","confidence":0.5569158792495728,"between":null,"provider":"meta","resource":"meta","version":"2026-08-10"},{"property":"/properties/confidence","dataset":"Overture","license":"CDLA-Permissive-2.0","record_id":null,"update_time":"2026-08-14T19:46:07Z","confidence":null,"between":null,"provider":"overture","resource":"confidence_calculation","version":"2026-08-14"}],"basic_category":"fashion_and_apparel_store","taxonomy":{"primary":"jewelry_store","hierarchy":["shopping","fashion_and_apparel_store","jewelry_store"],"alternates":null},"version":1}},
{"id":"089b9739-8446-4bb2-876a-86bc1d2f1cca","type":"Feature","geometry":{"type":"Point","coordinates":[78.2678375,21.4766998]},"properties":{"categories":{"primary":"college_university","alternate":["school","education"]},"confidence":0.7792863249778748,"websites":["http://hiwsebedcollegewarud.in/"],"emails":["kishortadas7@gmail.com"],"socials":["https://www.facebook.com/987721154612871"],"phones":["+919923257007"],"brand":{"wikidata":null,"names":{"primary":null,"common":null,"rules":null}},"addresses":[{"freeform":"NEAR BUS STAND TEMBHURKHEDA ROAD WARUD","locality":"Warud","postcode":"444906","region":"MH","country":"IN"}],"names":{"primary":"Late Shivramji Hiwase College of Education Warud","common":null,"rules":null},"sources":[{"property":"","dataset":"meta","license":"CDLA-Permissive-2.0","record_id":"987721154612871","update_time":"2026-08-10T00:00:00.000Z","confidence":0.7792863249778748,"between":null,"provider":"meta","resource":"meta","version":"2026-08-10"},{"property":"/properties/confidence","dataset":"Overture","license":"CDLA-Permissive-2.0","record_id":null,"update_time":"2026-08-14T19:46:07Z","confidence":null,"between":null,"provider":"overture","resource":"confidence_calculation","version":"2026-08-14"}],"basic_category":"college_university","taxonomy":{"primary":"college_university","hierarchy":["education","place_of_learning","college_university"],"alternates":null},"version":8}},
{"id":"bde85573-8793-426a-a1df-92c82fb91561","type":"Feature","geometry":{"type":"Point","coordinates":[78.2678375,21.4766998]},"properties":{"categories":{"primary":"hotel","alternate":["chinese_restaurant","indonesian_restaurant"]},"confidence":0.5647386312484741,"socials":["https://www.facebook.com/872730602797335"],"brand":{"wikidata":null,"names":{"primary":null,"common":null,"rules":null}},"addresses":[{"freeform":"Amravati road, Warud","locality":"Warud","postcode":null,"region":"MH","country":"IN"}],"names":{"primary":"HOTEL Vrundavan ,warud","common":null,"rules":null},"sources":[{"property":"","dataset":"meta","license":"CDLA-Permissive-2.0","record_id":"872730602797335","update_time":"2026-08-10T00:00:00.000Z","confidence":0.5647386312484741,"between":null,"provider":"meta","resource":"meta","version":"2026-08-10"},{"property":"/properties/confidence","dataset":"Overture","license":"CDLA-Permissive-2.0","record_id":null,"update_time":"2026-08-14T19:46:07Z","confidence":null,"between":null,"provider":"overture","resource":"confidence_calculation","version":"2026-08-14"}],"basic_category":"hotel","taxonomy":{"primary":"hotel","hierarchy":["lodging","hotel"],"alternates":null},"version":1}},
{"id":"2c13c236-922c-4eb4-9105-dc8d44703ff7","type":"Feature","geometry":{"type":"Point","coordinates":[78.26784,21.4767]},"properties":{"categories":{"primary":"hotel","alternate":["eat_and_drink","travel"]},"confidence":0.7010816931724548,"websites":["http://www.hotelrimzim.com/"],"socials":["https://www.facebook.com/355935627908646"],"phones":["+917229234030"],"brand":{"wikidata":null,"names":{"primary":null,"common":null,"rules":null}},"addresses":[{"freeform":"Morshi road,warud","locality":"Warud","postcode":"444906","region":"MH","country":"IN"}],"names":{"primary":"Hotel Rimzim","common":null,"rules":null},"sources":[{"property":"","dataset":"meta","license":"CDLA-Permissive-2.0","record_id":"355935627908646","update_time":"2026-08-10T00:00:00.000Z","confidence":0.7010816931724548,"between":null,"provider":"meta","resource":"meta","version":"2026-08-10"},{"property":"/properties/confidence","dataset":"Overture","license":"CDLA-Permissive-2.0","record_id":null,"update_time":"2026-08-14T19:46:07Z","confidence":null,"between":null,"provider":"overture","resource":"confidence_calculation","version":"2026-08-14"}],"basic_category":"hotel","taxonomy":{"primary":"hotel","hierarchy":["lodging","hotel"],"alternates":null},"version":7}},
{"id":"201bf11a-bd60-4e02-9f4d-0bc089329bf7","type":"Feature","geometry":{"type":"Point","coordinates":[78.26784,21.4767]},"properties":{"categories":{"primary":"cafe","alternate":["coffee_shop","internet_cafe"]},"confidence":0.5696771144866943,"websites":["http://www.saicomputer.in/"],"socials":["https://www.facebook.com/771496912979095"],"phones":["+917229233411"],"brand":{"wikidata":null,"names":{"primary":null,"common":null,"rules":null}},"addresses":[{"freeform":"Nagpur Road","locality":"Warud","postcode":"444906","region":"MH","country":"IN"}],"names":{"primary":"Sai Internet Cafe, Warud","common":null,"rules":null},"sources":[{"property":"","dataset":"meta","license":"CDLA-Permissive-2.0","record_id":"771496912979095","update_time":"2026-08-10T00:00:00.000Z","confidence":0.5696771144866943,"between":null,"provider":"meta","resource":"meta","version":"2026-08-10"},{"property":"/properties/confidence","dataset":"Overture","license":"CDLA-Permissive-2.0","record_id":null,"update_time":"2026-08-14T19:46:07Z","confidence":null,"between":null,"provider":"overture","resource":"confidence_calculation","version":"2026-08-14"}],"basic_category":"cafe","taxonomy":{"primary":"cafe","hierarchy":["food_and_drink","casual_eatery","cafe"],"alternates":null},"version":1}},
{"id":"a0df4f30-badf-4237-a92e-52d773c46279","type":"Feature","geometry":{"type":"Point","coordinates":[78.26783,21.47678]},"properties":{"categories":{"primary":"mobile_phone_store","alternate":["mobile_home_dealer"]},"confidence":0.7418953776359558,"socials":["https://www.facebook.com/1968069200143780"],"phones":["+918888422282"],"brand":{"wikidata":null,"names":{"primary":null,"common":null,"rules":null}},"addresses":[{"freeform":"nagr parishad complex warud","locality":"Warud","postcode":"444906","region":"MH","country":"IN"}],"names":{"primary":"Veera mobilee","common":null,"rules":null},"sources":[{"property":"","dataset":"meta","license":"CDLA-Permissive-2.0","record_id":"1968069200143780","update_time":"2026-08-10T00:00:00.000Z","confidence":0.7418953776359558,"between":null,"provider":"meta","resource":"meta","version":"2026-08-10"},{"property":"/properties/confidence","dataset":"Overture","license":"CDLA-Permissive-2.0","record_id":null,"update_time":"2026-08-14T19:46:07Z","confidence":null,"between":null,"provider":"overture","resource":"confidence_calculation","version":"2026-08-14"}],"basic_category":"electronics_store","taxonomy":{"primary":"mobile_phone_store","hierarchy":["shopping","specialty_store","electronics_store","mobile_phone_store"],"alternates":null},"version":7}},
{"id":"532c79de-df89-4771-86bb-dc55286b4adc","type":"Feature","geometry":{"type":"Point","coordinates":[78.26783,21.47678]},"properties":{"categories":{"primary":"agriculture","alternate":["farm","agricultural_service"]},"confidence":0.5953801274299622,"websites":["https://www.youtube.com/@giteshkeote9703"],"socials":["https://www.facebook.com/106450548381970"],"phones":["+919096368706"],"brand":{"wikidata":null,"names":{"primary":null,"common":null,"rules":null}},"addresses":[{"freeform":"Warud, MH, India","locality":"Warud","postcode":"444906","region":"MH","country":"IN"}],"names":{"primary":"जय गुरूदेव कृषी सेवा केंद्र ,वरुड","common":null,"rules":null},"sources":[{"property":"","dataset":"meta","license":"CDLA-Permissive-2.0","record_id":"106450548381970","update_time":"2026-08-10T00:00:00.000Z","confidence":0.5953801274299622,"between":null,"provider":"meta","resource":"meta","version":"2026-08-10"},{"property":"/properties/confidence","dataset":"Overture","license":"CDLA-Permissive-2.0","record_id":null,"update_time":"2026-08-14T19:46:07Z","confidence":null,"between":null,"provider":"overture","resource":"confidence_calculation","version":"2026-08-14"}],"basic_category":"b2b_service","taxonomy":{"primary":"agriculture","hierarchy":["services_and_business","b2b_service","b2b_agriculture_service","agriculture"],"alternates":null},"version":2}},
{"id":"ba973d01-2576-4126-b1b1-fd9fe4e07e0a","type":"Feature","geometry":{"type":"Point","coordinates":[78.26783,21.47678]},"properties":{"categories":{"primary":"bakery","alternate":null},"confidence":0.607950747013092,"socials":["https://www.facebook.com/102992491872218"],"brand":{"wikidata":null,"names":{"primary":null,"common":null,"rules":null}},"addresses":[{"freeform":null,"locality":"Warud","postcode":null,"region":"MH","country":"IN"}],"names":{"primary":"Kheteshwar bikaner Sweet & bakery","common":null,"rules":null},"sources":[{"property":"","dataset":"meta","license":"CDLA-Permissive-2.0","record_id":"102992491872218","update_time":"2026-08-10T00:00:00.000Z","confidence":0.607950747013092,"between":null,"provider":"meta","resource":"meta","version":"2026-08-10"},{"property":"/properties/confidence","dataset":"Overture","license":"CDLA-Permissive-2.0","record_id":null,"update_time":"2026-08-14T19:46:07Z","confidence":null,"between":null,"provider":"overture","resource":"confidence_calculation","version":"2026-08-14"}],"basic_category":"casual_eatery","taxonomy":{"primary":"bakery","hierarchy":["food_and_drink","casual_eatery","bakery"],"alternates":null},"version":1}},
{"id":"46d27218-dfeb-44ad-9a21-39f6e8e00e74","type":"Feature","geometry":{"type":"Point","coordinates":[78.26783,21.47678]},"properties":{"categories":{"primary":"hospital","alternate":["pediatrician"]},"confidence":0.9701716899871826,"websites":["https://www.shrihariclinic.com/"],"emails":["dr.saurabh@shrihariclinic.com"],"socials":["https://www.facebook.com/100694231639836"],"phones":["+917020525060"],"brand":{"wikidata":null,"names":{"primary":null,"common":null,"rules":null}},"addresses":[{"freeform":"Near Yawalkar Petrol Pump, Pandhurna Chowk , Warud , Dist Amravati, Maharashtra  ","locality":"Warud Sub-District","postcode":"444906","region":"MH","country":"IN"}],"names":{"primary":"Shrihari Clinic","common":null,"rules":null},"sources":[{"property":"","dataset":"meta","license":"CDLA-Permissive-2.0","record_id":"100694231639836","update_time":"2026-08-10T00:00:00.000Z","confidence":0.9701716899871826,"between":null,"provider":"meta","resource":"meta","version":"2026-08-10"},{"property":"/properties/confidence","dataset":"Overture","license":"CDLA-Permissive-2.0","record_id":null,"update_time":"2026-08-14T19:46:07Z","confidence":null,"between":null,"provider":"overture","resource":"confidence_calculation","version":"2026-08-14"}],"basic_category":"hospital","taxonomy":{"primary":"hospital","hierarchy":["health_care","hospital"],"alternates":null},"version":9}},
{"id":"521990e2-37e2-46d9-ae66-3f8136efda1e","type":"Feature","geometry":{"type":"Point","coordinates":[78.26783,21.47678]},"properties":{"categories":{"primary":"bike_repair_maintenance","alternate":["bicycle_shop"]},"confidence":0.7148219347000122,"emails":["prabhagauravg@gmail.com"],"socials":["https://www.facebook.com/109789175201582"],"phones":["+919421826770"],"brand":{"wikidata":null,"names":{"primary":null,"common":null,"rules":null}},"addresses":[{"freeform":"Near police station, Warud , Dist Amravati ","locality":"Warud","postcode":"444906","region":"MH","country":"IN"}],"names":{"primary":"Prabha Gaurav Agencies, Warud","common":null,"rules":null},"sources":[{"property":"","dataset":"meta","license":"CDLA-Permissive-2.0","record_id":"109789175201582","update_time":"2026-08-10T00:00:00.000Z","confidence":0.7148219347000122,"between":null,"provider":"meta","resource":"meta","version":"2026-08-10"},{"property":"/properties/confidence","dataset":"Overture","license":"CDLA-Permissive-2.0","record_id":null,"update_time":"2026-08-14T19:46:07Z","confidence":null,"between":null,"provider":"overture","resource":"confidence_calculation","version":"2026-08-14"}],"basic_category":"technical_service","taxonomy":{"primary":"bike_repair_maintenance","hierarchy":["services_and_business","technical_service","bike_repair_maintenance"],"alternates":null},"version":1}},
{"id":"edaa5411-b14c-4237-9ec6-37ae089d5fc0","type":"Feature","geometry":{"type":"Point","coordinates":[78.26783,21.47678]},"properties":{"categories":{"primary":"tire_dealer_and_repair","alternate":null},"confidence":0.5292407274246216,"emails":["aditya_tyres@rediffmail.com"],"socials":["https://www.facebook.com/653656828406538"],"phones":["+919890919105"],"brand":{"wikidata":null,"names":{"primary":null,"common":null,"rules":null}},"addresses":[{"freeform":"MSH-10","locality":"Warud","postcode":"444906","region":"MH","country":"IN"}],"names":{"primary":"Aditya TYRES MRF T&S warud","common":null,"rules":null},"sources":[{"property":"","dataset":"meta","license":"CDLA-Permissive-2.0","record_id":"653656828406538","update_time":"2026-08-10T00:00:00.000Z","confidence":0.5292407274246216,"between":null,"provider":"meta","resource":"meta","version":"2026-08-10"},{"property":"/properties/confidence","dataset":"Overture","license":"CDLA-Permissive-2.0","record_id":null,"update_time":"2026-08-14T19:46:07Z","confidence":null,"between":null,"provider":"overture","resource":"confidence_calculation","version":"2026-08-14"}],"basic_category":"automotive_service","taxonomy":{"primary":"tire_dealer_and_repair","hierarchy":["travel_and_transportation","vehicle_service","automotive_service","automotive_repair","tire_dealer_and_repair"],"alternates":null},"version":2}},
{"id":"e69df15a-d8ec-40ec-be7f-5a0c26a092d9","type":"Feature","geometry":{"type":"Point","coordinates":[78.26783,21.47678]},"properties":{"categories":{"primary":"restaurant","alternate":["american_restaurant","topic_concert_venue"]},"confidence":0.5421200394630432,"socials":["https://www.facebook.com/392424901197292"],"phones":["+918668613863"],"brand":{"wikidata":null,"names":{"primary":null,"common":null,"rules":null}},"addresses":[{"freeform":"Venue:- Near Orange City Behind Bus Stop on the side of river Warud","locality":"Warud","postcode":"444906","region":"MH","country":"IN"}],"names":{"primary":"PORTO De RAHMS","common":null,"rules":null},"sources":[{"property":"","dataset":"meta","license":"CDLA-Permissive-2.0","record_id":"392424901197292","update_time":"2026-08-10T00:00:00.000Z","confidence":0.5421200394630432,"between":null,"provider":"meta","resource":"meta","version":"2026-08-10"},{"property":"/properties/confidence","dataset":"Overture","license":"CDLA-Permissive-2.0","record_id":null,"update_time":"2026-08-14T19:46:07Z","confidence":null,"between":null,"provider":"overture","resource":"confidence_calculation","version":"2026-08-14"}],"basic_category":"restaurant","taxonomy":{"primary":"restaurant","hierarchy":["food_and_drink","restaurant"],"alternates":null},"version":2}},
{"id":"47f2960c-4046-4e14-bc4d-d14034252b90","type":"Feature","geometry":{"type":"Point","coordinates":[78.26783,21.47678]},"properties":{"categories":{"primary":"nature_reserve","alternate":null},"confidence":0.5806106328964233,"socials":["https://www.facebook.com/117262857241820"],"brand":{"wikidata":null,"names":{"primary":null,"common":null,"rules":null}},"addresses":[{"freeform":"Warud, MH, India","locality":"Warud","postcode":"444906","region":"MH","country":"IN"}],"names":{"primary":"Zunja","common":null,"rules":null},"sources":[{"property":"","dataset":"meta","license":"CDLA-Permissive-2.0","record_id":"117262857241820","update_time":"2026-08-10T00:00:00.000Z","confidence":0.5806106328964233,"between":null,"provider":"meta","resource":"meta","version":"2026-08-10"},{"property":"/properties/confidence","dataset":"Overture","license":"CDLA-Permissive-2.0","record_id":null,"update_time":"2026-08-14T19:46:07Z","confidence":null,"between":null,"provider":"overture","resource":"confidence_calculation","version":"2026-08-14"}],"basic_category":"nature_reserve","taxonomy":{"primary":"nature_reserve","hierarchy":["geographic_entities","land_feature","nature_reserve"],"alternates":null},"version":5}},
{"id":"8abc9d12-c477-4ecf-b5b0-ec034683d1c1","type":"Feature","geometry":{"type":"Point","coordinates":[78.26783,21.47678]},"properties":{"categories":{"primary":"weight_loss_center","alternate":["doctor","health_and_medical"]},"confidence":0.6423219442367554,"socials":["https://www.facebook.com/736303120121067"],"phones":["+919766479986"],"brand":{"wikidata":null,"names":{"primary":null,"common":null,"rules":null}},"addresses":[{"freeform":"Dr Dahane's Diet and weightloss clinic ,near Bank of India,approach road warud","locality":"Warud","postcode":"444906","region":"MH","country":"IN"}],"names":{"primary":"Dr Dahane's Diet and weightloss clinic","common":null,"rules":null},"sources":[{"property":"","dataset":"meta","license":"CDLA-Permissive-2.0","record_id":"736303120121067","update_time":"2026-08-10T00:00:00.000Z","confidence":0.6423219442367554,"between":null,"provider":"meta","resource":"meta","version":"2026-08-10"},{"property":"/properties/confidence","dataset":"Overture","license":"CDLA-Permissive-2.0","record_id":null,"update_time":"2026-08-14T19:46:07Z","confidence":null,"between":null,"provider":"overture","resource":"confidence_calculation","version":"2026-08-14"}],"basic_category":"wellness_service","taxonomy":{"primary":"weight_loss_center","hierarchy":["lifestyle_services","wellness_service","weight_loss_center"],"alternates":null},"version":8}},
{"id":"b6e31a40-c404-4937-8f5b-784e1822f0d0","type":"Feature","geometry":{"type":"Point","coordinates":[78.26783,21.47678]},"properties":{"categories":{"primary":"school","alternate":["high_school","elementary_school"]},"confidence":0.9407673478126526,"websites":["http://www.noccwarud.com/"],"emails":["noccwarud@gmail.com"],"socials":["https://www.facebook.com/1598171753732636"],"phones":["+917229232991"],"brand":{"wikidata":null,"names":{"primary":null,"common":null,"rules":null}},"addresses":[{"freeform":"Near S. T. Stand, Amravati Road, Warud","locality":"Warud","postcode":"444906","region":"MH","country":"IN"}],"names":{"primary":"New Orange City Convent","common":null,"rules":null},"sources":[{"property":"","dataset":"meta","license":"CDLA-Permissive-2.0","record_id":"1598171753732636","update_time":"2026-08-10T00:00:00.000Z","confidence":0.9407673478126526,"between":null,"provider":"meta","resource":"meta","version":"2026-08-10"},{"property":"/properties/confidence","dataset":"Overture","license":"CDLA-Permissive-2.0","record_id":null,"update_time":"2026-08-14T19:46:07Z","confidence":null,"between":null,"provider":"overture","resource":"confidence_calculation","version":"2026-08-14"}],"basic_category":"place_of_learning","taxonomy":{"primary":"school","hierarchy":["education","place_of_learning","school"],"alternates":null},"version":8}},
{"id":"1eab7a9b-c25e-4cb0-97e5-41540e972f02","type":"Feature","geometry":{"type":"Point","coordinates":[78.26783,21.47678]},"properties":{"confidence":0.6039398908615112,"websites":["http://www.taropumps.com/locations/maharashtra/amravati/sanjayelectricals"],"emails":["sudhakarthakare1@gmail.com"],"socials":["https://www.facebook.com/103266985934280"],"phones":["+919422857063"],"brand":{"wikidata":null,"names":{"primary":"Taro Pumps Dealers","common":null,"rules":null}},"addresses":[{"freeform":"No.01,","locality":"Warud","postcode":"444906","region":"MH","country":"IN"}],"names":{"primary":"Taro Pumps - Sanjay Electricals","common":null,"rules":null},"sources":[{"property":"","dataset":"meta","license":"CDLA-Permissive-2.0","record_id":"103266985934280","update_time":"2026-08-10T00:00:00.000Z","confidence":0.6039398908615112,"between":null,"provider":"meta","resource":"meta","version":"2026-08-10"},{"property":"/properties/confidence","dataset":"Overture","license":"CDLA-Permissive-2.0","record_id":null,"update_time":"2026-08-14T19:46:07Z","confidence":null,"between":null,"provider":"overture","resource":"confidence_calculation","version":"2026-08-14"}],"version":2}},
{"id":"b270f34a-9400-43ec-aa12-cbdc4ed72cbe","type":"Feature","geometry":{"type":"Point","coordinates":[78.26782989502,21.476770401001]},"properties":{"categories":{"primary":"banks","alternate":null},"confidence":0.77,"websites":["https://branch.axisbank.com/axis-bank-warud-bank-branch-amravati-maharashtra-40834/Home"],"socials":["https://www.twitter.com/axisbank","https://www.facebook.com/2114668711986809"],"phones":["1860 419 5555"],"addresses":[{"freeform":"Ground Floor, Warud, Giants Chowk, Besides Gayatri Book Depot","locality":"Amravati","postcode":"444906","region":"Maharashtra","country":"IN"}],"names":{"primary":"Axis Bank","common":null,"rules":null},"sources":[{"property":"","dataset":"Foursquare","license":"Apache-2.0","record_id":"5c28fdcff05ca8002ddecfeb","update_time":"2026-03-14T00:00:00.000","confidence":0.77,"between":null,"provider":"foursquare","resource":"foursquare","version":"2026-04-14"},{"property":"/properties/confidence","dataset":"Overture","license":"CDLA-Permissive-2.0","record_id":null,"update_time":"2026-08-14T19:46:07Z","confidence":null,"between":null,"provider":"overture","resource":"confidence_calculation","version":"2026-08-14"}],"basic_category":"bank_or_credit_union","taxonomy":{"primary":"bank","hierarchy":["services_and_business","financial_service","bank_or_credit_union","bank"],"alternates":null},"version":2}},
{"id":"535c7b18-4e33-4d12-97c3-48cc650fbbb5","type":"Feature","geometry":{"type":"Point","coordinates":[78.26783,21.47678]},"properties":{"categories":{"primary":"car_dealer","alternate":null},"confidence":0.7190621495246887,"websites":["https://dealer-locator.cars.tatamotors.com/tata-motors-cars-showroom-jaika-motors-warud-car-dealer-warud-amravati-147780/Home?utm_source=locator&utm_medium=facebook"],"socials":["https://www.facebook.com/114687528153298"],"phones":["+918291599685"],"brand":{"wikidata":null,"names":{"primary":"Tata Motors","common":null,"rules":null}},"addresses":[{"freeform":"Indira Chowk, Rajura Road, Warud","locality":"Warud","postcode":"444906","region":"MH","country":"IN"}],"names":{"primary":"Tata Motors Cars","common":null,"rules":null},"sources":[{"property":"","dataset":"meta","license":"CDLA-Permissive-2.0","record_id":"114687528153298","update_time":"2026-08-10T00:00:00.000Z","confidence":0.7190621495246887,"between":null,"provider":"meta","resource":"meta","version":"2026-08-10"},{"property":"/properties/confidence","dataset":"Overture","license":"CDLA-Permissive-2.0","record_id":null,"update_time":"2026-08-14T19:46:07Z","confidence":null,"between":null,"provider":"overture","resource":"confidence_calculation","version":"2026-08-14"}],"basic_category":"auto_dealer","taxonomy":{"primary":"auto_dealer","hierarchy":["shopping","vehicle_dealer","auto_dealer"],"alternates":null},"version":8}},
{"id":"aa7b918d-50a9-4cab-89e5-d8d64a47b4d9","type":"Feature","geometry":{"type":"Point","coordinates":[78.26783,21.47678]},"properties":{"categories":{"primary":"agricultural_service","alternate":["agriculture"]},"confidence":0.6296502947807312,"websites":["http://www.ckagriclinic.com/"],"socials":["https://www.facebook.com/207302090173154"],"phones":["+917229232091"],"brand":{"wikidata":null,"names":{"primary":null,"common":null,"rules":null}},"addresses":[{"freeform":"police Station Road ","locality":"Warud","postcode":"444906","region":"MH","country":"IN"}],"names":{"primary":"C K AGRI CLINIc","common":null,"rules":null},"sources":[{"property":"","dataset":"meta","license":"CDLA-Permissive-2.0","record_id":"207302090173154","update_time":"2026-08-10T00:00:00.000Z","confidence":0.6296502947807312,"between":null,"provider":"meta","resource":"meta","version":"2026-08-10"},{"property":"/properties/confidence","dataset":"Overture","license":"CDLA-Permissive-2.0","record_id":null,"update_time":"2026-08-14T19:46:07Z","confidence":null,"between":null,"provider":"overture","resource":"confidence_calculation","version":"2026-08-14"}],"basic_category":"agricultural_service","taxonomy":{"primary":"agricultural_service","hierarchy":["services_and_business","agricultural_service"],"alternates":null},"version":7}},
{"id":"4d141576-a5ba-4fe3-85c9-cb8a686125f7","type":"Feature","geometry":{"type":"Point","coordinates":[78.26783,21.47678]},"properties":{"categories":{"primary":"toy_store","alternate":["shopping"]},"confidence":0.8414313793182373,"websites":["http://www.kidsandneeds.in/"],"emails":["kidsandneeds@gmail.com"],"socials":["https://www.facebook.com/100511978553095"],"phones":["+919730068290"],"brand":{"wikidata":null,"names":{"primary":null,"common":null,"rules":null}},"addresses":[{"freeform":null,"locality":"Warud","postcode":null,"region":"MH","country":"IN"}],"names":{"primary":"Kids & Needs","common":null,"rules":null},"sources":[{"property":"","dataset":"meta","license":"CDLA-Permissive-2.0","record_id":"100511978553095","update_time":"2026-08-10T00:00:00.000Z","confidence":0.8414313793182373,"between":null,"provider":"meta","resource":"meta","version":"2026-08-10"},{"property":"/properties/confidence","dataset":"Overture","license":"CDLA-Permissive-2.0","record_id":null,"update_time":"2026-08-14T19:46:07Z","confidence":null,"between":null,"provider":"overture","resource":"confidence_calculation","version":"2026-08-14"}],"basic_category":"toys_and_games_store","taxonomy":{"primary":"toy_store","hierarchy":["shopping","specialty_store","toys_and_games_store","toy_store"],"alternates":null},"version":8}},
{"id":"ea2e6c51-4797-4884-89c2-110ccb2c3040","type":"Feature","geometry":{"type":"Point","coordinates":[78.26781792851153,21.47696632052336]},"properties":{"categories":{"primary":"public_service_and_government","alternate":null},"confidence":0.5878348350524902,"emails":["paresh.gadge@yahoo.com"],"socials":["https://www.facebook.com/634888113372902"],"phones":["+919359894268"],"brand":{"wikidata":null,"names":{"primary":null,"common":null,"rules":null}},"addresses":[{"freeform":"1","locality":"Warud","postcode":"444906","region":"MH","country":"IN"}],"names":{"primary":"grampanchayat dhanodi","common":null,"rules":null},"sources":[{"property":"","dataset":"meta","license":"CDLA-Permissive-2.0","record_id":"634888113372902","update_time":"2026-08-10T00:00:00.000Z","confidence":0.5878348350524902,"between":null,"provider":"meta","resource":"meta","version":"2026-08-10"},{"property":"/properties/confidence","dataset":"Overture","license":"CDLA-Permissive-2.0","record_id":null,"update_time":"2026-08-14T19:46:07Z","confidence":null,"between":null,"provider":"overture","resource":"confidence_calculation","version":"2026-08-14"}],"basic_category":"community_and_government","taxonomy":{"primary":"community_and_government","hierarchy":["community_and_government"],"alternates":null},"version":2}},
{"id":"97d0b7af-26c5-485b-a14e-5f1bbedc3a0a","type":"Feature","geometry":{"type":"Point","coordinates":[78.26738153,21.47715167]},"properties":{"categories":{"primary":"indian_restaurant","alternate":["candy_store","restaurant"]},"confidence":0.5983160734176636,"socials":["https://www.facebook.com/991651794266754"],"phones":["+918482863877"],"brand":{"wikidata":null,"names":{"primary":null,"common":null,"rules":null}},"addresses":[{"freeform":"Multai Rd","locality":"Warud","postcode":"444906","region":"MH","country":"IN"}],"names":{"primary":"Shree Krishna Refreshment","common":null,"rules":null},"sources":[{"property":"","dataset":"meta","license":"CDLA-Permissive-2.0","record_id":"991651794266754","update_time":"2026-08-10T00:00:00.000Z","confidence":0.5983160734176636,"between":null,"provider":"meta","resource":"meta","version":"2026-08-10"},{"property":"/properties/confidence","dataset":"Overture","license":"CDLA-Permissive-2.0","record_id":null,"update_time":"2026-08-14T19:46:07Z","confidence":null,"between":null,"provider":"overture","resource":"confidence_calculation","version":"2026-08-14"}],"basic_category":"restaurant","taxonomy":{"primary":"indian_restaurant","hierarchy":["food_and_drink","restaurant","asian_restaurant","south_asian_restaurant","indian_restaurant"],"alternates":null},"version":10}},
{"id":"6f8c1bc6-47c7-4d7c-ab18-29ca861dacf0","type":"Feature","geometry":{"type":"Point","coordinates":[78.2673346,21.47685485]},"properties":{"categories":{"primary":"travel_services","alternate":["tours","travel_company"]},"confidence":0.33212828636169434,"websites":["http://www.shivtoursandtravels.com/"],"socials":["https://www.facebook.com/1979573358958837"],"phones":["+919673925774"],"brand":{"wikidata":null,"names":{"primary":null,"common":null,"rules":null}},"addresses":[{"freeform":"Panchsheel Tours And Travels, Balaji Complex, Multai Chowk","locality":"Warud","postcode":"444906","region":"MH","country":"IN"}],"names":{"primary":"Panchsheel Tours And Travels","common":null,"rules":null},"sources":[{"property":"","dataset":"meta","license":"CDLA-Permissive-2.0","record_id":"1979573358958837","update_time":"2026-08-10T00:00:00.000Z","confidence":0.33212828636169434,"between":null,"provider":"meta","resource":"meta","version":"2026-08-10"},{"property":"/properties/confidence","dataset":"Overture","license":"CDLA-Permissive-2.0","record_id":null,"update_time":"2026-08-14T19:46:07Z","confidence":null,"between":null,"provider":"overture","resource":"confidence_calculation","version":"2026-08-14"}],"basic_category":"travel_service","taxonomy":{"primary":"travel_service","hierarchy":["travel_and_transportation","travel_service"],"alternates":null},"version":10}},
{"id":"2ce50280-ad50-44b0-8c3f-ca942c69b230","type":"Feature","geometry":{"type":"Point","coordinates":[78.26360239,21.4755012]},"properties":{"categories":{"primary":"gas_station","alternate":["energy_company","public_utility_company"]},"confidence":0.3899051547050476,"socials":["https://www.facebook.com/102701680288852"],"phones":["+919973348007"],"brand":{"wikidata":null,"names":{"primary":"Bharat Steel","common":null,"rules":null}},"addresses":[{"freeform":"MSH-10, Warud-Morshi Road, Amravati","locality":"Warud","postcode":"444906","region":"MH","country":"IN"}],"names":{"primary":"Bharat Petroleum","common":null,"rules":null},"sources":[{"property":"","dataset":"meta","license":"CDLA-Permissive-2.0","record_id":"102701680288852","update_time":"2026-08-10T00:00:00.000Z","confidence":0.3899051547050476,"between":null,"provider":"meta","resource":"meta","version":"2026-08-10"},{"property":"/properties/confidence","dataset":"Overture","license":"CDLA-Permissive-2.0","record_id":null,"update_time":"2026-08-14T19:46:07Z","confidence":null,"between":null,"provider":"overture","resource":"confidence_calculation","version":"2026-08-14"}],"basic_category":"gas_station","taxonomy":{"primary":"gas_station","hierarchy":["travel_and_transportation","fueling_station","gas_station"],"alternates":null},"version":8}},
{"id":"08a206f9-ff6d-4375-874f-41510361d9e6","type":"Feature","geometry":{"type":"Point","coordinates":[78.261411,21.478961]},"properties":{"categories":{"primary":"life_insurance","alternate":null},"confidence":0.85,"websites":["https://branches.sbilife.co.in/sbi-life-insurance-co-ltd-insurance-company-mahatma-phule-chowk-amravati-202027/Home?utm_source=locator&utm_medium=bing"],"phones":["18002679090"],"addresses":[{"freeform":"1st Floor, Bhagyalaxmi, Police Station Road, Mahatma Phule Chowk","locality":"Amravati","postcode":"444906","region":"Maharashtra","country":"IN"}],"names":{"primary":"SBI Life Insurance Co","common":null,"rules":null},"sources":[{"property":"","dataset":"Microsoft","license":"CDLA-Permissive-2.0","record_id":"1688849865711449","update_time":"2024-06-14T10:07:04.587Z","confidence":0.85,"between":null,"provider":"microsoft","resource":"microsoft","version":"2025-10-20"},{"property":"/properties/confidence","dataset":"Overture","license":"CDLA-Permissive-2.0","record_id":null,"update_time":"2026-08-14T19:46:07Z","confidence":null,"between":null,"provider":"overture","resource":"confidence_calculation","version":"2026-08-14"}],"basic_category":"financial_service","taxonomy":{"primary":"life_insurance","hierarchy":["services_and_business","financial_service","insurance_agency","life_insurance"],"alternates":null},"version":7}},
{"id":"9996b7a2-a88c-4299-a891-ef48a3f3b3e9","type":"Feature","geometry":{"type":"Point","coordinates":[78.26016294,21.47762782]},"properties":{"categories":{"primary":"education","alternate":["school"]},"confidence":0.43980029225349426,"socials":["https://www.facebook.com/138064263549836"],"brand":{"wikidata":null,"names":{"primary":null,"common":null,"rules":null}},"addresses":[{"freeform":"","locality":"Warud","postcode":"444906","region":"MH","country":"IN"}],"names":{"primary":"Doctor Madhaorao Panse Vidyalay","common":null,"rules":null},"sources":[{"property":"","dataset":"meta","license":"CDLA-Permissive-2.0","record_id":"138064263549836","update_time":"2026-08-10T00:00:00.000Z","confidence":0.43980029225349426,"between":null,"provider":"meta","resource":"meta","version":"2026-08-10"},{"property":"/properties/confidence","dataset":"Overture","license":"CDLA-Permissive-2.0","record_id":null,"update_time":"2026-08-14T19:46:07Z","confidence":null,"between":null,"provider":"overture","resource":"confidence_calculation","version":"2026-08-14"}],"basic_category":"education","taxonomy":{"primary":"education","hierarchy":["education"],"alternates":null},"version":10}},
{"id":"3cddeba9-05e6-4790-80e5-541b4be78e6e","type":"Feature","geometry":{"type":"Point","coordinates":[78.258091,21.477891]},"properties":{"confidence":0.85,"websites":["https://www.singleinterface.com/storepages/smfg-india-credit-co-ltd-warud-branch-financial-institutions-warud-amravati-435382?utm_source=locator&utm_medium=bing"],"phones":["18001036001"],"addresses":[{"freeform":"Survey No 495, Ground & 1st Floor, Krishna Arpan Colony, Warud","locality":"Amravati","postcode":"444906","region":"Maharashtra","country":"IN"}],"names":{"primary":"SMFG India Credit Co. Limited - Warud (Branch)","common":null,"rules":null},"sources":[{"property":"","dataset":"Microsoft","license":"CDLA-Permissive-2.0","record_id":"1688849866875078","update_time":"2025-07-22T06:51:02.293Z","confidence":0.85,"between":null,"provider":"microsoft","resource":"microsoft","version":"2025-10-20"},{"property":"/properties/confidence","dataset":"Overture","license":"CDLA-Permissive-2.0","record_id":null,"update_time":"2026-08-14T19:46:07Z","confidence":null,"between":null,"provider":"overture","resource":"confidence_calculation","version":"2026-08-14"}],"version":2}},
{"id":"e06485ff-3701-4ac7-80dd-139cdd9b44cc","type":"Feature","geometry":{"type":"Point","coordinates":[78.2565986,21.4681667]},"properties":{"categories":{"primary":"hindu_temple","alternate":["church_cathedral","public_service_and_government"]},"confidence":0.8497413992881775,"socials":["https://www.facebook.com/357557580941003"],"brand":{"wikidata":null,"names":{"primary":null,"common":null,"rules":null}},"addresses":[{"freeform":"Warud","locality":"Warud","postcode":"444906","region":"MH","country":"IN"}],"names":{"primary":"Gavhankund","common":null,"rules":null},"sources":[{"property":"","dataset":"meta","license":"CDLA-Permissive-2.0","record_id":"357557580941003","update_time":"2026-08-10T00:00:00.000Z","confidence":0.8497413992881775,"between":null,"provider":"meta","resource":"meta","version":"2026-08-10"},{"property":"/properties/confidence","dataset":"Overture","license":"CDLA-Permissive-2.0","record_id":null,"update_time":"2026-08-14T19:46:07Z","confidence":null,"between":null,"provider":"overture","resource":"confidence_calculation","version":"2026-08-14"}],"basic_category":"hindu_place_of_worship","taxonomy":{"primary":"hindu_place_of_worship","hierarchy":["cultural_and_historic","place_of_worship","hindu_place_of_worship"],"alternates":null},"version":8}},
{"id":"3d06caf9-59a5-409a-9277-dab9570eedc5","type":"Feature","geometry":{"type":"Point","coordinates":[78.26095,21.47425]},"properties":{"categories":{"primary":"restaurant","alternate":null},"confidence":0.5412673950195312,"socials":["https://www.facebook.com/1804756656463115"],"phones":["+918600858679"],"brand":{"wikidata":null,"names":{"primary":null,"common":null,"rules":null}},"addresses":[{"freeform":"Pandora road warud TQ - warud Dis -  Amravati","locality":"Warud","postcode":"444906","region":"MH","country":"IN"}],"names":{"primary":"Shri Krupa Family Restaurant","common":null,"rules":null},"sources":[{"property":"","dataset":"meta","license":"CDLA-Permissive-2.0","record_id":"1804756656463115","update_time":"2026-08-10T00:00:00.000Z","confidence":0.5412673950195312,"between":null,"provider":"meta","resource":"meta","version":"2026-08-10"},{"property":"/properties/confidence","dataset":"Overture","license":"CDLA-Permissive-2.0","record_id":null,"update_time":"2026-08-14T19:46:07Z","confidence":null,"between":null,"provider":"overture","resource":"confidence_calculation","version":"2026-08-14"}],"basic_category":"restaurant","taxonomy":{"primary":"restaurant","hierarchy":["food_and_drink","restaurant"],"alternates":null},"version":2}},
{"id":"bfb539f6-843a-448c-bdd0-f087b808dbed","type":"Feature","geometry":{"type":"Point","coordinates":[78.26095,21.47425]},"properties":{"categories":{"primary":"shopping","alternate":null},"confidence":0.5217466354370117,"socials":["https://www.facebook.com/175399759675371"],"phones":["+917387503040"],"brand":{"wikidata":null,"names":{"primary":null,"common":null,"rules":null}},"addresses":[{"freeform":"Opposite to Bus Stand, Amravati Road ","locality":"Warud","postcode":"444906","region":"MH","country":"IN"}],"names":{"primary":"Mauli Tyres Warud","common":null,"rules":null},"sources":[{"property":"","dataset":"meta","license":"CDLA-Permissive-2.0","record_id":"175399759675371","update_time":"2026-08-10T00:00:00.000Z","confidence":0.5217466354370117,"between":null,"provider":"meta","resource":"meta","version":"2026-08-10"},{"property":"/properties/confidence","dataset":"Overture","license":"CDLA-Permissive-2.0","record_id":null,"update_time":"2026-08-14T19:46:07Z","confidence":null,"between":null,"provider":"overture","resource":"confidence_calculation","version":"2026-08-14"}],"basic_category":"shopping","taxonomy":{"primary":"shopping","hierarchy":["shopping"],"alternates":null},"version":6}},
{"id":"72e9892e-4ad4-441a-983f-95ca98ba61da","type":"Feature","geometry":{"type":"Point","coordinates":[78.2609063,21.4747287]},"properties":{"categories":{"primary":"hotel","alternate":["grocery_store","fruits_and_vegetables"]},"confidence":0.7956235408782959,"socials":["https://www.facebook.com/913294092058782"],"phones":["+919860908935"],"brand":{"wikidata":null,"names":{"primary":null,"common":null,"rules":null}},"addresses":[{"freeform":"warud ","locality":"Warud","postcode":"444906 ","region":"MH","country":"IN"}],"names":{"primary":"KhteshwerBikaner Sweet Mart Warud","common":null,"rules":null},"sources":[{"property":"","dataset":"meta","license":"CDLA-Permissive-2.0","record_id":"913294092058782","update_time":"2026-08-10T00:00:00.000Z","confidence":0.7956235408782959,"between":null,"provider":"meta","resource":"meta","version":"2026-08-10"},{"property":"/properties/confidence","dataset":"Overture","license":"CDLA-Permissive-2.0","record_id":null,"update_time":"2026-08-14T19:46:07Z","confidence":null,"between":null,"provider":"overture","resource":"confidence_calculation","version":"2026-08-14"}],"basic_category":"hotel","taxonomy":{"primary":"hotel","hierarchy":["lodging","hotel"],"alternates":null},"version":9}},
{"id":"4af9c9c4-06ec-4ee6-ba44-855474ff9d7f","type":"Feature","geometry":{"type":"Point","coordinates":[78.26138076,21.47437684]},"properties":{"categories":{"primary":"bus_station","alternate":["transportation","parking"]},"confidence":0.6142752766609192,"socials":["https://www.facebook.com/442842882486326"],"brand":{"wikidata":null,"names":{"primary":null,"common":null,"rules":null}},"addresses":[{"freeform":"Amravati, MSH-10, Warud Morshi Road, Warud, Tembhurkheda Rd","locality":"Warud","postcode":"444906","region":"MH","country":"IN"}],"names":{"primary":"Bus Depot Warud","common":null,"rules":null},"sources":[{"property":"","dataset":"meta","license":"CDLA-Permissive-2.0","record_id":"442842882486326","update_time":"2026-08-10T00:00:00.000Z","confidence":0.6142752766609192,"between":null,"provider":"meta","resource":"meta","version":"2026-08-10"},{"property":"/properties/confidence","dataset":"Overture","license":"CDLA-Permissive-2.0","record_id":null,"update_time":"2026-08-14T19:46:07Z","confidence":null,"between":null,"provider":"overture","resource":"confidence_calculation","version":"2026-08-14"}],"basic_category":"public_transit_facility_or_service","taxonomy":{"primary":"bus_station","hierarchy":["travel_and_transportation","ground_transport_facility_or_service","public_transit_facility_or_service","bus_station"],"alternates":null},"version":10}},
{"id":"5d178788-ba9a-440b-a37b-cdf1e9b9047f","type":"Feature","geometry":{"type":"Point","coordinates":[78.26140085,21.47444229]},"properties":{"confidence":0.4797740876674652,"socials":["https://www.facebook.com/510043369398357"],"brand":{"wikidata":null,"names":{"primary":null,"common":null,"rules":null}},"addresses":[{"freeform":"Warud Main Road","locality":"Warud","postcode":"444906","region":"MH","country":"IN"}],"names":{"primary":"Warud Bus Stand","common":null,"rules":null},"sources":[{"property":"","dataset":"meta","license":"CDLA-Permissive-2.0","record_id":"510043369398357","update_time":"2026-08-10T00:00:00.000Z","confidence":0.4797740876674652,"between":null,"provider":"meta","resource":"meta","version":"2026-08-10"},{"property":"/properties/confidence","dataset":"Overture","license":"CDLA-Permissive-2.0","record_id":null,"update_time":"2026-08-14T19:46:07Z","confidence":null,"between":null,"provider":"overture","resource":"confidence_calculation","version":"2026-08-14"}],"version":9}},
{"id":"90bcddb8-d0fb-4baf-84ca-77f3c874e967","type":"Feature","geometry":{"type":"Point","coordinates":[78.26079,21.474]},"properties":{"categories":{"primary":"hotel","alternate":null},"confidence":0.5568525791168213,"socials":["https://www.facebook.com/100594638340592"],"phones":["+918788852535"],"brand":{"wikidata":null,"names":{"primary":null,"common":null,"rules":null}},"addresses":[{"freeform":"kheteshwar Bikaner sweets Warud","locality":"Warud","postcode":"444906","region":"MH","country":"IN"}],"names":{"primary":"Shri Kheteswar Bikaner Sweet Mart","common":null,"rules":null},"sources":[{"property":"","dataset":"meta","license":"CDLA-Permissive-2.0","record_id":"100594638340592","update_time":"2026-08-10T00:00:00.000Z","confidence":0.5568525791168213,"between":null,"provider":"meta","resource":"meta","version":"2026-08-10"},{"property":"/properties/confidence","dataset":"Overture","license":"CDLA-Permissive-2.0","record_id":null,"update_time":"2026-08-14T19:46:07Z","confidence":null,"between":null,"provider":"overture","resource":"confidence_calculation","version":"2026-08-14"}],"basic_category":"hotel","taxonomy":{"primary":"hotel","hierarchy":["lodging","hotel"],"alternates":null},"version":1}},
{"id":"64e53bf4-6871-4c1a-8944-d48e466c0215","type":"Feature","geometry":{"type":"Point","coordinates":[78.25989465,21.47309471]},"properties":{"categories":{"primary":"grocery_store","alternate":["health_food_store"]},"confidence":0.4815874993801117,"socials":["https://www.facebook.com/349368278794087"],"phones":["+919420127033"],"brand":{"wikidata":null,"names":{"primary":null,"common":null,"rules":null}},"addresses":[{"freeform":"Amravati Road, near Bus Stand","locality":"Warud","postcode":"444906","region":"MH","country":"IN"}],"names":{"primary":"Ishank Kirana and General","common":null,"rules":null},"sources":[{"property":"","dataset":"meta","license":"CDLA-Permissive-2.0","record_id":"349368278794087","update_time":"2026-08-10T00:00:00.000Z","confidence":0.4815874993801117,"between":null,"provider":"meta","resource":"meta","version":"2026-08-10"},{"property":"/properties/confidence","dataset":"Overture","license":"CDLA-Permissive-2.0","record_id":null,"update_time":"2026-08-14T19:46:07Z","confidence":null,"between":null,"provider":"overture","resource":"confidence_calculation","version":"2026-08-14"}],"basic_category":"food_and_beverage_store","taxonomy":{"primary":"grocery_store","hierarchy":["shopping","food_and_beverage_store","grocery_store"],"alternates":null},"version":10}},
{"id":"ff5ae3eb-7310-430b-b2f9-c2a60dce9707","type":"Feature","geometry":{"type":"Point","coordinates":[78.2596,21.4703]},"properties":{"categories":{"primary":"agricultural_service","alternate":null},"confidence":0.7060521245002747,"websites":["https://dealers.swarajtractors.com/swaraj/tractor-dealer-in-amravati/tractor-dealer-in-warud/swaraj-tractor-ms-prasanna-tractors-in-warud-amravati--2547f7f7-c555-456c-9b74-c40d414884c0/home"],"socials":["https://www.facebook.com/222825760921154"],"phones":["+918037907793"],"brand":{"wikidata":null,"names":{"primary":"Swaraj Tractors","common":null,"rules":null}},"addresses":[{"freeform":"Amravati Road, Infront of Satpuda Gining, Warud, Near Reliance Petrol Pump","locality":"Warud","postcode":"444906","region":"MH","country":"IN"}],"names":{"primary":"Swaraj Tractor - M/S Prasanna Tractors","common":null,"rules":null},"sources":[{"property":"","dataset":"meta","license":"CDLA-Permissive-2.0","record_id":"222825760921154","update_time":"2026-08-10T00:00:00.000Z","confidence":0.7060521245002747,"between":null,"provider":"meta","resource":"meta","version":"2026-08-10"},{"property":"/properties/confidence","dataset":"Overture","license":"CDLA-Permissive-2.0","record_id":null,"update_time":"2026-08-14T19:46:07Z","confidence":null,"between":null,"provider":"overture","resource":"confidence_calculation","version":"2026-08-14"}],"basic_category":"agricultural_service","taxonomy":{"primary":"agricultural_service","hierarchy":["services_and_business","agricultural_service"],"alternates":null},"version":2}},
{"id":"f9ba88ac-94e1-4eac-8320-50aac71450de","type":"Feature","geometry":{"type":"Point","coordinates":[78.25839193,21.46903781]},"properties":{"categories":{"primary":"business_manufacturing_and_supply","alternate":["professional_services"]},"confidence":0.40539348125457764,"socials":["https://www.facebook.com/106022677524220"],"phones":["+919730926875"],"brand":{"wikidata":null,"names":{"primary":null,"common":null,"rules":null}},"addresses":[{"freeform":"Shaniwar Peth","locality":"Warud","postcode":"444906","region":"MH","country":"IN"}],"names":{"primary":"Saurabh Welding Works","common":null,"rules":null},"sources":[{"property":"","dataset":"meta","license":"CDLA-Permissive-2.0","record_id":"106022677524220","update_time":"2026-08-10T00:00:00.000Z","confidence":0.40539348125457764,"between":null,"provider":"meta","resource":"meta","version":"2026-08-10"},{"property":"/properties/confidence","dataset":"Overture","license":"CDLA-Permissive-2.0","record_id":null,"update_time":"2026-08-14T19:46:07Z","confidence":null,"between":null,"provider":"overture","resource":"confidence_calculation","version":"2026-08-14"}],"basic_category":"manufacturer","taxonomy":{"primary":"manufacturer","hierarchy":["services_and_business","b2b_service","manufacturer"],"alternates":null},"version":10}},
{"id":"65bd97ed-6742-4f8e-a478-298d93edd081","type":"Feature","geometry":{"type":"Point","coordinates":[78.25912655,21.46778234]},"properties":{"categories":{"primary":"transportation","alternate":["travel"]},"confidence":0.352779358625412,"socials":["https://www.facebook.com/109741780459317"],"brand":{"wikidata":null,"names":{"primary":null,"common":null,"rules":null}},"addresses":[{"freeform":"Shaniwar Peth","locality":"Warud","postcode":"444906","region":"MH","country":"IN"}],"names":{"primary":"Bombay Transport","common":null,"rules":null},"sources":[{"property":"","dataset":"meta","license":"CDLA-Permissive-2.0","record_id":"109741780459317","update_time":"2026-08-10T00:00:00.000Z","confidence":0.352779358625412,"between":null,"provider":"meta","resource":"meta","version":"2026-08-10"},{"property":"/properties/confidence","dataset":"Overture","license":"CDLA-Permissive-2.0","record_id":null,"update_time":"2026-08-14T19:46:07Z","confidence":null,"between":null,"provider":"overture","resource":"confidence_calculation","version":"2026-08-14"}],"basic_category":"travel_and_transportation","taxonomy":{"primary":"travel_and_transportation","hierarchy":["travel_and_transportation"],"alternates":null},"version":9}},
{"id":"d4327f17-da93-4dbe-b167-c8d8813c8d74","type":"Feature","geometry":{"type":"Point","coordinates":[78.26008,21.46753]},"properties":{"categories":{"primary":"furniture_store","alternate":null},"confidence":0.5985535383224487,"emails":["mssaddam8888@gmail.com"],"socials":["https://www.facebook.com/101527192794328"],"phones":["+918888421880"],"brand":{"wikidata":null,"names":{"primary":null,"common":null,"rules":null}},"addresses":[{"freeform":"in front off gajanan mandir.santara mandi road warud.","locality":"Warud","postcode":"444906","region":"MH","country":"IN"}],"names":{"primary":"Tawakkal enterprise","common":null,"rules":null},"sources":[{"property":"","dataset":"meta","license":"CDLA-Permissive-2.0","record_id":"101527192794328","update_time":"2026-08-10T00:00:00.000Z","confidence":0.5985535383224487,"between":null,"provider":"meta","resource":"meta","version":"2026-08-10"},{"property":"/properties/confidence","dataset":"Overture","license":"CDLA-Permissive-2.0","record_id":null,"update_time":"2026-08-14T19:46:07Z","confidence":null,"between":null,"provider":"overture","resource":"confidence_calculation","version":"2026-08-14"}],"basic_category":"hardware_home_and_garden_store","taxonomy":{"primary":"furniture_store","hierarchy":["shopping","specialty_store","hardware_home_and_garden_store","furniture_store"],"alternates":null},"version":1}},
{"id":"8bb18898-80ac-4e12-a14d-44318870e5e0","type":"Feature","geometry":{"type":"Point","coordinates":[78.26003473,21.46755833]},"properties":{"categories":{"primary":"hindu_temple","alternate":null},"confidence":0.6571074724197388,"socials":["https://www.facebook.com/324585678023799"],"brand":{"wikidata":null,"names":{"primary":null,"common":null,"rules":null}},"addresses":[{"freeform":"In Fronr Of Krushi Utpanna Bajar Samiti","locality":"Warud","postcode":"444906","region":"MH","country":"IN"}],"names":{"primary":"Gajanan Maharaj Temple","common":null,"rules":null},"sources":[{"property":"","dataset":"meta","license":"CDLA-Permissive-2.0","record_id":"324585678023799","update_time":"2026-08-10T00:00:00.000Z","confidence":0.6571074724197388,"between":null,"provider":"meta","resource":"meta","version":"2026-08-10"},{"property":"/properties/confidence","dataset":"Overture","license":"CDLA-Permissive-2.0","record_id":null,"update_time":"2026-08-14T19:46:07Z","confidence":null,"between":null,"provider":"overture","resource":"confidence_calculation","version":"2026-08-14"}],"basic_category":"hindu_place_of_worship","taxonomy":{"primary":"hindu_place_of_worship","hierarchy":["cultural_and_historic","place_of_worship","hindu_place_of_worship"],"alternates":null},"version":8}},
{"id":"b2f40883-3d54-4a59-9754-47998deb2d10","type":"Feature","geometry":{"type":"Point","coordinates":[78.25931376,21.46491807]},"properties":{"categories":{"primary":"religious_organization","alternate":["topic_concert_venue"]},"confidence":0.4499620199203491,"socials":["https://www.facebook.com/107217204044674"],"brand":{"wikidata":null,"names":{"primary":null,"common":null,"rules":null}},"addresses":[{"freeform":"Gausiya","locality":"Warud","postcode":"444906","region":"MH","country":"IN"}],"names":{"primary":"Masjid E Gausiya","common":null,"rules":null},"sources":[{"property":"","dataset":"meta","license":"CDLA-Permissive-2.0","record_id":"107217204044674","update_time":"2026-08-10T00:00:00.000Z","confidence":0.4499620199203491,"between":null,"provider":"meta","resource":"meta","version":"2026-08-10"},{"property":"/properties/confidence","dataset":"Overture","license":"CDLA-Permissive-2.0","record_id":null,"update_time":"2026-08-14T19:46:07Z","confidence":null,"between":null,"provider":"overture","resource":"confidence_calculation","version":"2026-08-14"}],"basic_category":"religious_organization","taxonomy":{"primary":"religious_organization","hierarchy":["cultural_and_historic","religious_organization"],"alternates":null},"version":10}},
{"id":"1a6b4dfb-5ba0-4da7-9a05-e20a47297252","type":"Feature","geometry":{"type":"Point","coordinates":[78.25616568,21.46558344]},"properties":{"categories":{"primary":"school","alternate":["elementary_school","education"]},"confidence":0.5707473158836365,"socials":["https://www.facebook.com/483110395423198"],"brand":{"wikidata":null,"names":{"primary":null,"common":null,"rules":null}},"addresses":[{"freeform":"","locality":"Warud","postcode":"444906","region":"MH","country":"IN"}],"names":{"primary":"M K M English School","common":null,"rules":null},"sources":[{"property":"","dataset":"meta","license":"CDLA-Permissive-2.0","record_id":"483110395423198","update_time":"2026-08-10T00:00:00.000Z","confidence":0.5707473158836365,"between":null,"provider":"meta","resource":"meta","version":"2026-08-10"},{"property":"/properties/confidence","dataset":"Overture","license":"CDLA-Permissive-2.0","record_id":null,"update_time":"2026-08-14T19:46:07Z","confidence":null,"between":null,"provider":"overture","resource":"confidence_calculation","version":"2026-08-14"}],"basic_category":"place_of_learning","taxonomy":{"primary":"school","hierarchy":["education","place_of_learning","school"],"alternates":null},"version":9}},
{"id":"6c602627-a45a-4fea-a7cb-6d9ce99912ea","type":"Feature","geometry":{"type":"Point","coordinates":[78.25604009,21.46664869]},"properties":{"categories":{"primary":"transportation","alternate":["travel"]},"confidence":0.5587330460548401,"socials":["https://www.facebook.com/249224688876329"],"phones":["+918999371513"],"brand":{"wikidata":null,"names":{"primary":null,"common":null,"rules":null}},"addresses":[{"freeform":"Shop No 160","locality":"Warud","postcode":"444906","region":"MH","country":"IN"}],"names":{"primary":"Pandit Transport","common":null,"rules":null},"sources":[{"property":"","dataset":"meta","license":"CDLA-Permissive-2.0","record_id":"249224688876329","update_time":"2026-08-10T00:00:00.000Z","confidence":0.5587330460548401,"between":null,"provider":"meta","resource":"meta","version":"2026-08-10"},{"property":"/properties/confidence","dataset":"Overture","license":"CDLA-Permissive-2.0","record_id":null,"update_time":"2026-08-14T19:46:07Z","confidence":null,"between":null,"provider":"overture","resource":"confidence_calculation","version":"2026-08-14"}],"basic_category":"travel_and_transportation","taxonomy":{"primary":"travel_and_transportation","hierarchy":["travel_and_transportation"],"alternates":null},"version":10}},
{"id":"e3d2e14e-5b72-463d-b886-1f38b19de545","type":"Feature","geometry":{"type":"Point","coordinates":[78.26,21.46]},"properties":{"categories":{"primary":"bank_credit_union","alternate":["financial_service","public_service_and_government"]},"confidence":0.9589322239160538,"websites":["https://branch-atm-locator.bankofmaharashtra.in/bank-of-maharashtra-warud-amravati-public-sector-bank-warud-amravati-100689/Home?utm_source=locator&utm_medium=facebook"],"socials":["https://www.facebook.com/101270548660145"],"phones":["+18002334526"],"brand":{"wikidata":null,"names":{"primary":"Bank of Maharashtra","common":null,"rules":null}},"addresses":[{"freeform":"Kale Complex, Warud, Opposite Vijay Talkies","locality":"Warud","postcode":"444906","region":"MH","country":"IN"}],"names":{"primary":"Bank of Maharashtra","common":null,"rules":null},"sources":[{"property":"","dataset":"meta","license":"CDLA-Permissive-2.0","record_id":"101270548660145","update_time":"2026-08-10T00:00:00.000Z","confidence":0.8214444518089294,"between":null,"provider":"meta","resource":"meta","version":"2026-08-10"},{"property":"/properties/confidence","dataset":"Overture","license":"CDLA-Permissive-2.0","record_id":null,"update_time":"2026-08-14T19:46:07Z","confidence":null,"between":null,"provider":"overture","resource":"confidence_calculation","version":"2026-08-14"}],"basic_category":"bank_or_credit_union","taxonomy":{"primary":"bank_or_credit_union","hierarchy":["services_and_business","financial_service","bank_or_credit_union"],"alternates":null},"version":9}},
{"id":"d35ed016-b83d-4dc9-bf1d-301f0ccb1b4d","type":"Feature","geometry":{"type":"Point","coordinates":[78.30012358,21.45113034]},"properties":{"categories":{"primary":"gas_station","alternate":null},"confidence":0.524101197719574,"websites":["https://locator.iocl.com/indianoil-ajanta-servo-petroleum-services-petrol-pump-warud-amravati-207170/Home?utm_source=locator&utm_medium=facebook"],"socials":["https://www.facebook.com/328012157058217"],"phones":["+919619374509"],"brand":{"wikidata":null,"names":{"primary":"Indian Oil Corporation Ltd.","common":null,"rules":null}},"addresses":[{"freeform":"Survey No, 85/1","locality":"Warud Sub-District","postcode":"444906","region":"MH","country":"IN"}],"names":{"primary":"IndianOil","common":null,"rules":null},"sources":[{"property":"","dataset":"meta","license":"CDLA-Permissive-2.0","record_id":"328012157058217","update_time":"2026-08-10T00:00:00.000Z","confidence":0.524101197719574,"between":null,"provider":"meta","resource":"meta","version":"2026-08-10"},{"property":"/properties/confidence","dataset":"Overture","license":"CDLA-Permissive-2.0","record_id":null,"update_time":"2026-08-14T19:46:07Z","confidence":null,"between":null,"provider":"overture","resource":"confidence_calculation","version":"2026-08-14"}],"basic_category":"gas_station","taxonomy":{"primary":"gas_station","hierarchy":["travel_and_transportation","fueling_station","gas_station"],"alternates":null},"version":9}},
{"id":"03f75aa1-82e0-47ab-8830-c3259f783612","type":"Feature","geometry":{"type":"Point","coordinates":[78.30156,21.45031]},"properties":{"categories":{"primary":"real_estate_service","alternate":["real_estate_agent","property_management"]},"confidence":0.3868770897388458,"emails":["findthehomeyoulove78@gmail.com"],"socials":["https://www.facebook.com/665150336985171"],"phones":["+917807800780"],"brand":{"wikidata":null,"names":{"primary":null,"common":null,"rules":null}},"addresses":[{"freeform":"Office No.26, Gulmohar Heights, Kharar Kurali Highway","locality":"Mohali","postcode":"140301","region":null,"country":"IN"}],"names":{"primary":"RedBricks","common":null,"rules":null},"sources":[{"property":"","dataset":"meta","license":"CDLA-Permissive-2.0","record_id":"665150336985171","update_time":"2026-08-10T00:00:00.000Z","confidence":0.3868770897388458,"between":null,"provider":"meta","resource":"meta","version":"2026-08-10"},{"property":"/properties/confidence","dataset":"Overture","license":"CDLA-Permissive-2.0","record_id":null,"update_time":"2026-08-14T19:46:07Z","confidence":null,"between":null,"provider":"overture","resource":"confidence_calculation","version":"2026-08-14"}],"basic_category":"real_estate_service","taxonomy":{"primary":"real_estate_service","hierarchy":["services_and_business","real_estate_service"],"alternates":null},"version":1}},
{"id":"503c1141-cc5c-4465-9858-d94c4ed3260a","type":"Feature","geometry":{"type":"Point","coordinates":[78.30829741,21.44543099]},"properties":{"categories":{"primary":"education","alternate":["school"]},"confidence":0.5489808320999146,"socials":["https://www.facebook.com/255903994979843"],"brand":{"wikidata":null,"names":{"primary":null,"common":null,"rules":null}},"addresses":[{"freeform":"","locality":"Warud Sub-District","postcode":"444906","region":"MH","country":"IN"}],"names":{"primary":"P V Sable Jagrut Vidyalay","common":null,"rules":null},"sources":[{"property":"","dataset":"meta","license":"CDLA-Permissive-2.0","record_id":"255903994979843","update_time":"2026-08-10T00:00:00.000Z","confidence":0.5489808320999146,"between":null,"provider":"meta","resource":"meta","version":"2026-08-10"},{"property":"/properties/confidence","dataset":"Overture","license":"CDLA-Permissive-2.0","record_id":null,"update_time":"2026-08-14T19:46:07Z","confidence":null,"between":null,"provider":"overture","resource":"confidence_calculation","version":"2026-08-14"}],"basic_category":"education","taxonomy":{"primary":"education","hierarchy":["education"],"alternates":null},"version":11}},
{"id":"f9427e2e-d5f1-4a50-add1-00075de171e8","type":"Feature","geometry":{"type":"Point","coordinates":[78.30553,21.4459]},"properties":{"categories":{"primary":"automotive_repair","alternate":["automotive"]},"confidence":0.5302683711051941,"socials":["https://www.facebook.com/190293918153900"],"brand":{"wikidata":null,"names":{"primary":null,"common":null,"rules":null}},"addresses":[{"freeform":"SH-248","locality":"Warud Sub-District","postcode":"444906","region":"MH","country":"IN"}],"names":{"primary":"Raja Auto Works","common":null,"rules":null},"sources":[{"property":"","dataset":"meta","license":"CDLA-Permissive-2.0","record_id":"190293918153900","update_time":"2026-08-10T00:00:00.000Z","confidence":0.5302683711051941,"between":null,"provider":"meta","resource":"meta","version":"2026-08-10"},{"property":"/properties/confidence","dataset":"Overture","license":"CDLA-Permissive-2.0","record_id":null,"update_time":"2026-08-14T19:46:07Z","confidence":null,"between":null,"provider":"overture","resource":"confidence_calculation","version":"2026-08-14"}],"basic_category":"automotive_service","taxonomy":{"primary":"automotive_repair","hierarchy":["travel_and_transportation","vehicle_service","automotive_service","automotive_repair"],"alternates":null},"version":1}},
{"id":"c559d504-8e55-48be-a5b3-343e563651e7","type":"Feature","geometry":{"type":"Point","coordinates":[78.30921,21.44536]},"properties":{"categories":{"primary":"automotive_repair","alternate":null},"confidence":0.5301661491394043,"socials":["https://www.facebook.com/104191584298416"],"phones":["+919420075609"],"brand":{"wikidata":null,"names":{"primary":null,"common":null,"rules":null}},"addresses":[{"freeform":"Ring road,warud\\n","locality":"Warud Sub-District","postcode":"444609","region":"MH","country":"IN"}],"names":{"primary":"Abhishek Motors ,warud","common":null,"rules":null},"sources":[{"property":"","dataset":"meta","license":"CDLA-Permissive-2.0","record_id":"104191584298416","update_time":"2026-08-10T00:00:00.000Z","confidence":0.5301661491394043,"between":null,"provider":"meta","resource":"meta","version":"2026-08-10"},{"property":"/properties/confidence","dataset":"Overture","license":"CDLA-Permissive-2.0","record_id":null,"update_time":"2026-08-14T19:46:07Z","confidence":null,"between":null,"provider":"overture","resource":"confidence_calculation","version":"2026-08-14"}],"basic_category":"automotive_service","taxonomy":{"primary":"automotive_repair","hierarchy":["travel_and_transportation","vehicle_service","automotive_service","automotive_repair"],"alternates":null},"version":1}},
{"id":"ae7a229d-9586-4775-9f7d-ecde844be9d0","type":"Feature","geometry":{"type":"Point","coordinates":[78.2910662,21.455581700000003]},"properties":{"categories":{"primary":"college_university","alternate":["computer_coaching","education"]},"confidence":0.6686218976974487,"websites":["https://ncvtmis.gov.in/pages/iti/detail.aspx?iti=4066"],"socials":["https://www.facebook.com/779694422149586"],"phones":["+919766822344"],"brand":{"wikidata":null,"names":{"primary":null,"common":null,"rules":null}},"addresses":[{"freeform":"At Post Roshankheda, Ta Warud","locality":"Warud Sub-District","postcode":"444906","region":"MH","country":"IN"}],"names":{"primary":"Pundalik Maharaj Industrial Training Institute Roshankhda, WARUD","common":null,"rules":null},"sources":[{"property":"","dataset":"meta","license":"CDLA-Permissive-2.0","record_id":"779694422149586","update_time":"2026-08-10T00:00:00.000Z","confidence":0.6686218976974487,"between":null,"provider":"meta","resource":"meta","version":"2026-08-10"},{"property":"/properties/confidence","dataset":"Overture","license":"CDLA-Permissive-2.0","record_id":null,"update_time":"2026-08-14T19:46:07Z","confidence":null,"between":null,"provider":"overture","resource":"confidence_calculation","version":"2026-08-14"}],"basic_category":"college_university","taxonomy":{"primary":"college_university","hierarchy":["education","place_of_learning","college_university"],"alternates":null},"version":1}},
{"id":"294049a3-0368-4946-b283-f72dffde2f13","type":"Feature","geometry":{"type":"Point","coordinates":[78.300590515137,21.480226703376]},"properties":{"categories":{"primary":"restaurant","alternate":null},"confidence":0.6909351944923401,"emails":["hotelnaturedoodwarud@gmail.com"],"socials":["https://www.facebook.com/103471592333030"],"brand":{"wikidata":null,"names":{"primary":null,"common":null,"rules":null}},"addresses":[{"freeform":"Hotel Nature Food , Multai Road , Warud","locality":"Warud","postcode":"444 906","region":"MH","country":"IN"}],"names":{"primary":"Nature Food Family Restaurant","common":null,"rules":null},"sources":[{"property":"","dataset":"meta","license":"CDLA-Permissive-2.0","record_id":"103471592333030","update_time":"2026-08-10T00:00:00.000Z","confidence":0.6909351944923401,"between":null,"provider":"meta","resource":"meta","version":"2026-08-10"},{"property":"/properties/confidence","dataset":"Overture","license":"CDLA-Permissive-2.0","record_id":null,"update_time":"2026-08-14T19:46:07Z","confidence":null,"between":null,"provider":"overture","resource":"confidence_calculation","version":"2026-08-14"}],"basic_category":"restaurant","taxonomy":{"primary":"restaurant","hierarchy":["food_and_drink","restaurant"],"alternates":null},"version":8}},
{"id":"e64fc1b5-dd20-49db-bdd8-e4516c4d0a88","type":"Feature","geometry":{"type":"Point","coordinates":[78.2994537,21.48300051]},"properties":{"categories":{"primary":"central_government_office","alternate":["event_planning","public_service_and_government"]},"confidence":0.7210582494735718,"socials":["https://www.facebook.com/111797040287204"],"brand":{"wikidata":null,"names":{"primary":null,"common":null,"rules":null}},"addresses":[{"freeform":"Dhanodi","locality":"Warud Sub-District","postcode":"444907","region":"MH","country":"IN"}],"names":{"primary":"Dhanodi Grampanchayat","common":null,"rules":null},"sources":[{"property":"","dataset":"meta","license":"CDLA-Permissive-2.0","record_id":"111797040287204","update_time":"2026-08-10T00:00:00.000Z","confidence":0.7210582494735718,"between":null,"provider":"meta","resource":"meta","version":"2026-08-10"},{"property":"/properties/confidence","dataset":"Overture","license":"CDLA-Permissive-2.0","record_id":null,"update_time":"2026-08-14T19:46:07Z","confidence":null,"between":null,"provider":"overture","resource":"confidence_calculation","version":"2026-08-14"}],"basic_category":"government_office","taxonomy":{"primary":"government_office","hierarchy":["community_and_government","government_office"],"alternates":null},"version":11}}]}